{"$type":"OverhaulMod.Content.ContentListInfo, OverhaulMod","ContentToDownload":{"$type":"System.Collections.Generic.List`1[[OverhaulMod.Content.ContentDownloadInfo, OverhaulMod]], mscorlib","$values":[{"$type":"OverhaulMod.Content.ContentDownloadInfo, OverhaulMod","DisplayName":"Extras","Size":9335848,"MinModVersion":{"$type":"System.Version, mscorlib","Major":0,"Minor":4,"Build":0,"Revision":95,"MajorRevision":0,"MinorRevision":95},"File":"Extras","Files":{"$type":"System.Collections.Generic.List`1[[System.String, mscorlib]], mscorlib","$values":[]}},{"$type":"OverhaulMod.Content.ContentDownloadInfo, OverhaulMod","DisplayName":"Realistic skyboxes","Size":256650452,"MinModVersion":{"$type":"System.Version, mscorlib","Major":0,"Minor":4,"Build":0,"Revision":94,"MajorRevision":0,"MinorRevision":94},"File":"RealisticSkyboxes","Files":{"$type":"System.Collections.Generic.List`1[[System.String, mscorlib]], mscorlib","$values":[]}},{"$type":"OverhaulMod.Content.ContentDownloadInfo, OverhaulMod","DisplayName":"Gallery","Size":2736246,"MinModVersion":{"$type":"System.Version, mscorlib","Major":0,"Minor":4,"Build":0,"Revision":99,"MajorRevision":0,"MinorRevision":99},"File":"Gallery","Files":{"$type":"System.Collections.Generic.List`1[[System.String, mscorlib]], mscorlib","$values":[]}}]}}