{"$type":"OverhaulMod.Content.ContentListInfo, OverhaulMod","ContentToDownload":{"$type":"System.Collections.Generic.List`1[[OverhaulMod.Content.ContentDownloadInfo, OverhaulMod]], mscorlib","$values":[{"$type":"OverhaulMod.Content.ContentDownloadInfo, OverhaulMod","DisplayName":"Extras","Size":9335848,"Files":{"$type":"System.Collections.Generic.List`1[[System.String, mscorlib]], mscorlib","$values":[]}},{"$type":"OverhaulMod.Content.ContentDownloadInfo, OverhaulMod","DisplayName":"Realistic skyboxes","Size":1,"Files":{"$type":"System.Collections.Generic.List`1[[System.String, mscorlib]], mscorlib","$values":[]}}]}}