{"$type":"OverhaulMod.Content.NewsInfoList, OverhaulMod","News":{"$type":"System.Collections.Generic.List`1[[OverhaulMod.Content.NewsInfo, OverhaulMod]], mscorlib","$values":[{"$type":"OverhaulMod.Content.NewsInfo, OverhaulMod","Title":"Update 4 test build released!","Description":"Update 4 testing phase has begun!\nThis update focuses on technical improvements to the mod and doesn't contain many content additions.\n- Weapon skins editor available to everyone\r\n- Improved modded UI to support controllers and better fit the game style\r\n- In-game mod update system\r\n- Customizable title screen\r\n- New graphics additions\r","Survey":""},{"$type":"OverhaulMod.Content.NewsInfo, OverhaulMod","Title":"Survey: Update 4 UI redesign","Description":"In update 4 all modded user interfaces were reworked to better fit the game style.\nIf you were playing with the mod before update 4, you may want to give me a feedback!","Survey":"New UI is better@There's something to work on@Old UI was better"}]}}