{"$type":"OverhaulMod.Content.Personalization.PersonalizationEditorScreenshotCameraAnglesInfo, OverhaulMod","Angles":{"$type":"System.Collections.Generic.List`1[[OverhaulMod.Content.Personalization.PersonalizationEditorScreenshotCameraAngle, OverhaulMod]], mscorlib","$values":[{"$type":"OverhaulMod.Content.Personalization.PersonalizationEditorScreenshotCameraAngle, OverhaulMod","Name":"Sword","PositionArray":{"$type":"System.Single[], mscorlib","$values":[2.85518646,4.42944336,-1.144093]},"EulerAnglesArray":{"$type":"System.Single[], mscorlib","$values":[51.75052,305.311676,341.248657]}},{"$type":"OverhaulMod.Content.Personalization.PersonalizationEditorScreenshotCameraAngle, OverhaulMod","Name":"Sword","PositionArray":{"$type":"System.Single[], mscorlib","$values":[2.43494153,8.845215,-3.334847]},"EulerAnglesArray":{"$type":"System.Single[], mscorlib","$values":[61.0506973,330.149963,-1.76386561E-06]}},{"$type":"OverhaulMod.Content.Personalization.PersonalizationEditorScreenshotCameraAngle, OverhaulMod","Name":"Bow","PositionArray":{"$type":"System.Single[], mscorlib","$values":[-4.825459,-2.123291,-7.92808247]},"EulerAnglesArray":{"$type":"System.Single[], mscorlib","$values":[347.748474,33.01181,8.215886]}},{"$type":"OverhaulMod.Content.Personalization.PersonalizationEditorScreenshotCameraAngle, OverhaulMod","Name":"Hammer","PositionArray":{"$type":"System.Single[], mscorlib","$values":[-1.50951338,4.190613,-7.57896137]},"EulerAnglesArray":{"$type":"System.Single[], mscorlib","$values":[28.00325,17.2002068,306.7396]}},{"$type":"OverhaulMod.Content.Personalization.PersonalizationEditorScreenshotCameraAngle, OverhaulMod","Name":"Spear","PositionArray":{"$type":"System.Single[], mscorlib","$values":[-3.52000666,5.72698975,4.967697]},"EulerAnglesArray":{"$type":"System.Single[], mscorlib","$values":[42.60381,142.0623,356.238525]}},{"$type":"OverhaulMod.Content.Personalization.PersonalizationEditorScreenshotCameraAngle, OverhaulMod","Name":"Scythe","PositionArray":{"$type":"System.Single[], mscorlib","$values":[-2.2058928,5.71240234,-2.354124]},"EulerAnglesArray":{"$type":"System.Single[], mscorlib","$values":[60.85086,39.6499367,10.5161581]}},{"$type":"OverhaulMod.Content.Personalization.PersonalizationEditorScreenshotCameraAngle, OverhaulMod","Name":"Sword","PositionArray":{"$type":"System.Single[], mscorlib","$values":[2.03864264,9.177429,-4.143105]},"EulerAnglesArray":{"$type":"System.Single[], mscorlib","$values":[59.3503265,338.449829,0.0]}},{"$type":"OverhaulMod.Content.Personalization.PersonalizationEditorScreenshotCameraAngle, OverhaulMod","Name":"Sword","PositionArray":{"$type":"System.Single[], mscorlib","$values":[0.9918126,5.352051,-0.701192439]},"EulerAnglesArray":{"$type":"System.Single[], mscorlib","$values":[70.75142,328.05,-2.58980344E-06]}},{"$type":"OverhaulMod.Content.Personalization.PersonalizationEditorScreenshotCameraAngle, OverhaulMod","Name":"Bow","PositionArray":{"$type":"System.Single[], mscorlib","$values":[3.286526,2.98150635,-5.401256]},"EulerAnglesArray":{"$type":"System.Single[], mscorlib","$values":[25.1519642,329.649963,4.71602419E-07]}},{"$type":"OverhaulMod.Content.Personalization.PersonalizationEditorScreenshotCameraAngle, OverhaulMod","Name":"Hammer","PositionArray":{"$type":"System.Single[], mscorlib","$values":[-1.86894131,1.83251953,-6.957362]},"EulerAnglesArray":{"$type":"System.Single[], mscorlib","$values":[13.4523029,20.19996,2.19464681E-07]}},{"$type":"OverhaulMod.Content.Personalization.PersonalizationEditorScreenshotCameraAngle, OverhaulMod","Name":"Spear","PositionArray":{"$type":"System.Single[], mscorlib","$values":[1.02395785,8.18689,-0.0151889268]},"EulerAnglesArray":{"$type":"System.Single[], mscorlib","$values":[90.0,118.899345,0.0]}},{"$type":"OverhaulMod.Content.Personalization.PersonalizationEditorScreenshotCameraAngle, OverhaulMod","Name":"Scythe","PositionArray":{"$type":"System.Single[], mscorlib","$values":[-1.076707,7.67120361,-1.47486186]},"EulerAnglesArray":{"$type":"System.Single[], mscorlib","$values":[76.83304,23.0499077,0.0]}},{"$type":"OverhaulMod.Content.Personalization.PersonalizationEditorScreenshotCameraAngle, OverhaulMod","Name":"Sword","PositionArray":{"$type":"System.Single[], mscorlib","$values":[1.34671247,5.68804932,-0.595889747]},"EulerAnglesArray":{"$type":"System.Single[], mscorlib","$values":[70.50675,318.799316,-5.11707958E-06]}},{"$type":"OverhaulMod.Content.Personalization.PersonalizationEditorScreenshotCameraAngle, OverhaulMod","Name":"Bow","PositionArray":{"$type":"System.Single[], mscorlib","$values":[-2.50583053,-1.0256958,-7.633011]},"EulerAnglesArray":{"$type":"System.Single[], mscorlib","$values":[352.6574,18.0991783,1.0760408E-07]}},{"$type":"OverhaulMod.Content.Personalization.PersonalizationEditorScreenshotCameraAngle, OverhaulMod","Name":"Scythe","PositionArray":{"$type":"System.Single[], mscorlib","$values":[-2.2058928,5.71240234,-2.354124]},"EulerAnglesArray":{"$type":"System.Single[], mscorlib","$values":[60.85086,39.6499367,10.5161581]}},{"$type":"OverhaulMod.Content.Personalization.PersonalizationEditorScreenshotCameraAngle, OverhaulMod","Name":"Hammer","PositionArray":{"$type":"System.Single[], mscorlib","$values":[-1.50951338,4.190613,-7.57896137]},"EulerAnglesArray":{"$type":"System.Single[], mscorlib","$values":[28.00325,17.2002068,306.7396]}},{"$type":"OverhaulMod.Content.Personalization.PersonalizationEditorScreenshotCameraAngle, OverhaulMod","Name":"Bow","PositionArray":{"$type":"System.Single[], mscorlib","$values":[-4.825459,-2.123291,-7.92808247]},"EulerAnglesArray":{"$type":"System.Single[], mscorlib","$values":[347.748474,33.01181,8.215886]}},{"$type":"OverhaulMod.Content.Personalization.PersonalizationEditorScreenshotCameraAngle, OverhaulMod","Name":"Sword","PositionArray":{"$type":"System.Single[], mscorlib","$values":[2.85518646,4.42944336,-1.144093]},"EulerAnglesArray":{"$type":"System.Single[], mscorlib","$values":[51.75052,305.311676,341.248657]}},{"$type":"OverhaulMod.Content.Personalization.PersonalizationEditorScreenshotCameraAngle, OverhaulMod","Name":"Spear","PositionArray":{"$type":"System.Single[], mscorlib","$values":[-3.52000666,5.72698975,4.967697]},"EulerAnglesArray":{"$type":"System.Single[], mscorlib","$values":[42.60381,142.0623,356.238525]}},{"$type":"OverhaulMod.Content.Personalization.PersonalizationEditorScreenshotCameraAngle, OverhaulMod","Name":"Scythe","PositionArray":{"$type":"System.Single[], mscorlib","$values":[-2.2058928,5.71240234,-2.354124]},"EulerAnglesArray":{"$type":"System.Single[], mscorlib","$values":[60.85086,39.6499367,10.5161581]}}]}}