{"$type":"OverhaulMod.ModFeaturesData, OverhaulMod","FeatureStates":{"$type":"System.Collections.Generic.Dictionary`2[[OverhaulMod.ModFeatures+FeatureType, OverhaulMod],[System.Boolean, mscorlib]], mscorlib","EndlessModeMenu":true,"ChapterSelectMenuRework":true,"LoadingScreenRework":true,"PauseMenuRework":true,"TitleScreenRework":true,"ArrowModelRefresh":true,"NewWeapons":true,"WeaponBag":false,"WeatherSystem":true,"WorkshopBrowserRework":true,"NightmariumDifficultyTier":false,"GameModeSelectionScreensRework":true,"NewGameplayContent":false,"NewEnemies":false,"DuelInviteMenuRework":true,"Tooltips":false,"AccessoriesAndPets":false,"AdvancedSettings":true,"WinLoseDialogRework":false,"WorkshopBrowserContextMenu":false,"StoryModeModifiers":false,"QuickReset":false,"ShieldSkins":false,"PersonalizationEditorTutorialVideo":true,"ScytheSkins":true,"MoreImageEffects":true,"SubtitleTextFieldRework":true,"UpdatesMenuRework":true,"RequireNormalAndFireVariantsForSwordAndSpearSkins":false,"DisplayDisconnectedPlayers":true,"Intro":true,"VersionLabelUpdates":true,"TitleScreenModdedSectionRework":true,"SettingDescriptionBox":true,"ColorBlindnessOptions":true,"MoreSettingsMod_ColorBlindnessOptions":false}}