{"$type":"OverhaulMod.Engine.ModLocalizationInfo, OverhaulMod","Translations_en":{"$type":"System.Collections.Generic.Dictionary`2[[System.String, mscorlib],[System.String, mscorlib]], mscorlib","nightmarium":"Nightmarium","enum_commentatron":"Commentatron","enum_analysisbot":"Analysis bot","enum_victoryannouncer":"Announcer","enum_helpvoice":"Announcer","enum_emperor":"Emperor","enum_ghost":"Emilia","enum_fleetoverseer":"Fleet Overseer","enum_warcubes":"War cubes","enum_fleetanalysisbot1":"Warfare bot","enum_fleetanalysisbot2":"Mind space bot","enum_fleetanalysisbot3":"Infantry bot","enum_fleetanalysisbot4":"Logistics bot","enum_fleetcaptain":"Fleet Captain","enum_captainsniper":"Captain \"Sniper\"","enum_captaingatling":"Captain \"Gatling\"","enum_battlecruiserai":"Battlecruiser AI","enum_fleetadmiral":"Fleet Admiral","enum_captainmissile":"Captain \"Missile\"","enum_zombiecaptain":"Zombie Captain","download":"Download"},"Translations_ru":{"$type":"System.Collections.Generic.Dictionary`2[[System.String, mscorlib],[System.String, mscorlib]], mscorlib","nightmarium":"Кошмариум","enum_commentatron":"Комментатор","enum_analysisbot":"Анализатор","enum_victoryannouncer":"Объявитель","enum_helpvoice":"Объявитель","enum_emperor":"Император","enum_ghost":"Эмилия","enum_fleetoverseer":"Оператор флота","enum_warcubes":"Боевые кубы","enum_fleetanalysisbot1":"Военачальник","enum_fleetanalysisbot2":"Управитель разумом","enum_fleetanalysisbot3":"Командир пехоты","enum_fleetanalysisbot4":"Логистик","enum_fleetcaptain":"Капитан флота","enum_captainsniper":"Капитан \"Снайпер\"","enum_captaingatling":"Капитан \"Гатлинг\"","enum_battlecruiserai":"ИИ крейсера","enum_fleetadmiral":"Адмирал флота","enum_captainmissile":"Капитан \"Ракета\"","enum_zombiecaptain":"Зомби капитан","download":"Скачать"}}