{"$type":"OverhaulMod.Engine.ModLocalizationInfo, OverhaulMod","Translations_en":{"$type":"System.Collections.Generic.Dictionary`2[[System.String, mscorlib],[System.String, mscorlib]], mscorlib","nightmarium":"Nightmarium","enum_commentatron":"Commentatron","enum_analysisbot":"Analysis bot","enum_victoryannouncer":"Announcer","enum_helpvoice":"Announcer","enum_emperor":"Emperor","enum_ghost":"Emilia","enum_fleetoverseer":"Fleet Overseer","enum_warcubes":"War cubes","enum_fleetanalysisbot1":"Warfare bot","enum_fleetanalysisbot2":"Mind space bot","enum_fleetanalysisbot3":"Infantry bot","enum_fleetanalysisbot4":"Logistics bot","enum_fleetcaptain":"Fleet Captain","enum_captainsniper":"Captain \"Sniper\"","enum_captaingatling":"Captain \"Gatling\"","enum_battlecruiserai":"Battlecruiser AI","enum_fleetadmiral":"Fleet Admiral","enum_captainmissile":"Captain \"Missile\"","enum_zombiecaptain":"Zombie Captain","download":"Download","modui_uichapterselectmenurework":"Chapter selection menu rework","modui_uiendlessmodemenu":"Endless mode menu","modui_uichallengesmenurework":"Challenges menu redesign","modui_uiworkshopbrowser":"Steam workshop browser rework","modui_uiadvancementsmenu":"Achievements menu redesign","modui_uisettingsmenurework":"Settings menu redesign","modui_uititlescreenrework":"Title screen redesign","workshop":"Workshop","customization":"Customization","feedback":"Feedback","news":"News","updates":"Updates","leaderboard":"Leaderboard","vanilla":"Vanilla","editor":"Level editor","info_short":"Info","customize":"Customize","add-ons":"Addons","new!":"New!","build_note":"This mod is in development and will contain bugs. \nAll features might change in future updates.","log in":"Log in","erase progress":"Erase progress","current progress:":"Current progress:","view your high scores":"View your high scores","export":"Export","folder":"Folder","clear":"Clear","escalating challenges":"Escalating challenges","level_context":"level","my achievements":"My achievements","statistics":"Statistics","sync with steam":"Sync with steam","information":"Information","done":"Done","send":"Send","feedback_rate":"What rate will you give?","feedback_favorite":"What do you like the most in the mod?","feedback_improve":"How the mod can be improved? (Bug report/Suggestion)","feedback_header":"Share your thoughts","feedback_description":"Give feedback to overhaul mod developer","like":"Like","charsleft":"characters left","news_header":"Mod news","news_description":"Latest news about the mod","refresh":"Refresh","updates_header":"Overhaul mod updates","updates_description":"Get latest builds","select branch:":"Select branch:","check for updates":"Check for updates","check on startup":"Check on startup","update available:":"Update available:","in-game update":"Install update","no updates found":"No updates found.","error:":"Error:","installation error":"Installation error","update the mod in-game?":"Update the mod in-game?","ingame_update_desc":"You won't be able to exit this menu while downloading the new build.\n\nNOTE: This feature is still being tested so it might cause bugs.\nUse this with caution.","update":"Update","cancel":"Cancel","selected branch:":"Selected branch:","update_branch_release_description":"Get only stable builds.","update_branch_testing_description":"Get latest public test builds.","update_branch_canary_description":"Get developer builds.","update_branch_unknown_description":"No description.","settings_tab_home":"Home","settings_tab_gameplay":"Gameplay","settings_tab_graphics":"Graphics","settings_tab_sounds":"Sounds","settings_tab_controls":"Controls","settings_tab_multiplayer":"Multiplayer","settings_tab_mod-bot":"Mod-Bot","settings_tab_advanced":"Advanced","settings_header_game_interface":"Game interface","settings_header_multiplayer_settings":"Multiplayer settings","settings_header_gameplay_settings":"Gameplay settings","settings_header_twitch":"Twitch","settings_header_graphics":"Graphics","settings_header_robots":"Robots","settings_header_camera":"Camera","settings_header_environment":"Environment","settings_header_voxel_engine":"Voxel engine","settings_header_garbage":"Garbage","settings_header_volume":"Volume","settings_header_filters":"Filters","settings_header_controls_settings":"Controls settings","settings_header_player":"Player","settings_header_transitions":"Transitions","settings_header_rich_presence":"Rich presence (Discord)","settings_header_misc.":"Misc","settings_subheader_language":"Language","settings_subheader_camera_mode":"Camera mode","settings_subheader_preferred_region":"Preferred region","settings_subheader_difficulty":"Difficulty","settings_subheader_player":"Player","settings_subheader_endless_levels":"Endless levels","settings_subheader_window":"Window","settings_subheader_render":"Render","settings_subheader_post_effects":"Post effects","settings_subheader_field_of_view":"Field of view","settings_subheader_force_weather_type":"Force weather type","settings_subheader_global":"Global","settings_subheader_music":"Music","settings_subheader_commentator":"Commentator","settings_subheader_reverb_intensity":"Reverb intensity","settings_subheader_mouse":"Mouse","settings_subheader_controller":"Controller","settings_subheader_open_console":"Open console","settings_subheader_toggle_fps_label":"Toggle FPS label","settings_subheader_skin":"Skin","settings_subheader_personalization":"Personalization","settings_checkbox_show_game_ui":"Show Game UI","settings_checkbox_show_subtitles":"Show subtitles","settings_checkbox_display_who's_speaking":"Display who's speaking","settings_checkbox_show_overhaul_mod_version":"Show Overhaul mod version","settings_checkbox_first_person_mode":"First person mode","settings_checkbox_camera_bobbing":"Camera bobbing","settings_checkbox_use_skin_in_singleplayer":"Use skin in singleplayer","settings_checkbox_mute_twitch_emotes":"Mute Twitch emotes","settings_checkbox_dev_stream_notifications":"Dev stream notifications","settings_checkbox_fullscreen":"Fullscreen","settings_checkbox_vsync":"V-Sync","settings_checkbox_enable_title_bar_changes":"Enable title bar changes","settings_checkbox_ambient_occlusion":"Ambient occlusion","settings_checkbox_dithering":"Dithering","settings_checkbox_vignette":"Vignette","settings_checkbox_bloom":"Bloom","settings_checkbox_adjust_bloom_settings":"Adjust Bloom settings","settings_checkbox_show_equipped_weapons":"Show equipped weapons","settings_checkbox_lightning_transitions":"Lighting transitions","settings_checkbox_arena_remodel":"Arena remodel","settings_checkbox_floating_dust":"Floating dust","settings_checkbox_enable_weather":"Enable weather","settings_checkbox_reverb":"Reverb","settings_checkbox_invert_mouse":"Invert mouse","settings_checkbox_invert_controller":"Invert controller","settings_checkbox_1:1_look_ratio":"1:1 Look ratio","settings_checkbox_collisions":"Collisions","settings_checkbox_enable_sparks":"Enable sparks","settings_checkbox_better_damage_colors":"Better damage colors","settings_checkbox_better_fire_spreading":"Better fire spreading","settings_checkbox_always_burn_voxels":"Always burn voxels","settings_checkbox_enable_particles":"Enable particles","settings_checkbox_better_scene_transitions":"Better scene transitions","settings_checkbox_better_in-game_transitions":"Better in-game transitions","settings_checkbox_transition_on_startup":"Transition on startup","settings_checkbox_enable_rich_presence":"Enable Rich Presence","settings_checkbox_display_details":"Display details","settings_checkbox_display_editing_level_name":"Display editing level name","settings_checkbox_relay_connection":"Relay connection","settings_checkbox_advanced_photo_mode":"Advanced photo mode","settings_button_configure_overhaul_mod_uis":"Configure Overhaul mod UIs","settings_button_configure_ui_enhancements":"Configure UI enhancements","settings_button_set":"Set","settings_button_get_more_levels":"Get more levels","settings_button_enemy_spawn_settings":"Enemy spawn settings","settings_button_reset_camera_settings":"Reset camera settings","settings_button_edit_controls":"Edit controls","settings_button_edit_tags":"Edit tags","settings_button_sign_out":"Sign out","settings_button_manage_muted_players":"Manage muted players","settings_button_select_emotes":"Select emotes","settings_button_personalize":"Personalize","settings_tooltip_disable_this_setting_to_revert_the_vanilla_bloom":"Disable this setting to revert the vanilla bloom","settings_tooltip_the_lightning_changes_smoothly_as_level_switches":"The lighting changes smoothly as level switches","settings_tooltip_made_by_@water2977":"Made by @water2977","settings_tooltip_doborog_logo_will_be_smoothly_faded_out_on_game_start":"Doborog logo will be smoothly faded out on game start","settings_tooltip_improves_ping_on_some_machines,_but_can_also_make_it_worse":"Improves ping on some machines, but can also make it worse","settings_use_vanilla_menu_if":"Use original menu if required option isn't present","settings_header_controls":"Controls","settings_header_website_integration":"Website integration","feedback_success_header":"Successfully sent the feedback!","feedback_success_text":"Thanks!","settings_button_done":"Done","button_customize_player":"Customize player","customization_header":"Customize player","customization_tab_weapon_skins":"Weapon skins","customization_tab_accessories":"Accessories","customization_tab_pets":"Pets","customization_subtab_sword":"Sword","customization_subtab_bow":"Bow","customization_subtab_hammer":"Hammer","customization_subtab_spear":"Spear","customization_subtab_shield":"Shield","customization_button_default_skin":"Default skin","customization_button_update":"Update","customization_button_done":"Done","customization_sortoption_alphabet":"Alphabet","customization_sortoption_exclusive":"exclusive","settings_option_none":"None","settings_option_snowy":"Snowy","settings_option_rainy":"Rainy","customization_author":"By","customization_itemstatus_not_verified":"This item is not verified.","customization_itemstatus_locked":"Locked due to item exclusivity.","customization_itemstatus_not_verified_and_exclusive":"This item is exclusive and not verified.","customization_search_items":"Search items...","customization_accessories_and_pets_wip":"Accessories and pets are coming in v0.4.1!","wip_header":"Work in progress!","wip_text":"Functionality will be added in later builds...","settings_button_sign_in":"Sign in","customization_vanilla":"From original game","customization_new":"NEW","settings_checkbox_camera_rolling":"Camera rolling","settings_tooltip_change_what_enemies_spawn":"Change what enemies spawn","loading":"Loading...","settings_header_energy_bar_enhancements":"Energy bar enhancements","settings_checkbox_energy_bar_redesign":"Energy bar redesign","settings_checkbox_fade_out_energy_bar_if_full":"Fade out energy bar if full","settings_subheader_fade_out_intensity":"Fade out intensity","settings_button_go_back":"Go back","settings_button_reset_energy_bar_settings":"Reset energy bar settings","customization_need_update_header":"Update player\ncustomization assets","customization_need_update_text":"In order to make player customization work correctly, download/update the assets.","customization_current_assets_version":"Installed assets version:","true":"True","false":"False","customization_author_from_the_game":"from official game","customization_button_refresh":"Refresh","customization_settings_header":"Customization settings","perks_header":"Exclusive perks","perks_text":"Exclusive stuff available to you","perks_button_refresh_data":"Refresh data","perks_tooltip_refresh_data":"Automatically refreshes every 5 adys","credits_header_mod_made_by":"Mod made by:","credits_tooltip_click_too_see_profile":"*Click on name to open steam profile","credits_header_details":"Details:","credits_button_credits":"Credits","credits_button_discord_server":"Discord server","credits_button_modbot_page":"Mod-Bot page","credits_tooltip_dead_server_xd":"Dead server xd","credits_text_mod_version":"Mod version:","credits_text_compilation_date":"Compilation date:","credits_text_milestone":"Milestone:","credits_text_is_modbot_release":"Is Mod-Bot release?:","credits_text_is_github_release":"Is Github release?:","credits_text_is_internal_release":"Is internal release?:","credits_text_has_v0.5_features":"Has v0.5 features?:","credits_text_debug_mode":"Debug mode?:","credits_header_credits":"Credits","credits_text_credits":"Everyone whose work is featured in the mod","credits_header_author":"Author:","credits_header_playtested_by":"Playtested by:","credits_header_special_thanks":"Special thanks:","credits_tooltip_author_a_tvcat":"Hi","credits_tooltip_playtested_by_sonicgleb":"The first playtester","credits_tooltip_special_thanks_sonicgleb":"Made some UI icons and voxel models","credits_tooltip_special_thanks_igrok_x_xp":"Made some voxel models","credits_tooltip_special_thanks_water":"Made Overhauled arena model and customization editor level","mmcustomization_header":"Customize main menu","mmcustomization_text":"Make it look like you want","mmcustomization_subheader_music":"Music","mmcustomization_subheader_background_level":"Background level","mmcustomization_text_track":"Track","mmcustomization_text_volume":"Volume","mmcustomization_text_current_level":"Current level","mmcustomization_text_set":"Set...","mmcustomization_button_in-game_level":"In-game level","mmcustomization_button_workshop_level":"Workshop level","mmcustomization_button_custom_level":"Custom level","mmcustomization_button_preview":"Preview","difficulty_silver":"Silver","difficulty_bronze":"Bronze","mmcustomization_header_level_description_browser":"Level browser","mmcustomization_text_select_a_level":"Select a level","mmcustomization_text_n_levels_to_pick":"levels to pick","file_explorer_nothing":"No file","file_explorer_downloads":"Downloads","file_explorer_header":"Files","file_explorer_text":"Browse files on your computer","mmcustomization_header_select_level_difficulty":"Select level difficulty","difficulty_gold":"Gold","difficulty_diamond":"Diamond","difficulty_titanium":"Titanium","difficulty_uranium":"Uranium","difficulty_insanium":"Insanium","difficulty_nightmarium":"Nightmarium","file_explorer_pattern":"Pattern:","settings_checkbox_require_rmb_holding":"Require RMB holding","settings_tooltip_require_holding_right_mouse_button_when_controls_are_hidden":"Require holding right mouse button to\nmove camera while controls are hidden","customization_need_install_header":"Install player\ncustomization assets","customization_button_install":"Install","settings_checkbox_enable_fov_override":"Enable FOV override","settings_tooltip_fov_override":"Might cause camera bugs in rare cases.\nRestarting the level will fix those","settings_firstsetup_header":"Configure Overhaul mod","settings_firstsetup_text":"It won't take much time","settings_subheader_camera_effects":"Camera effects","settings_subheader_particle_effects":"Particle effects","settings_subheader_voxel_engine":"Voxel engine","settings_subheader_toggle_camera_mode":"Toggle camera mode","feedback_type_text":"Type text...","news_no_survey":"This post doesn't have a survey","addons_header":"Overhaul mod add-ons","addons_text":"Additional content for the mod","addons_tab_installed":"Installed","addons_tab_download_addons":"Download","addons_confirmdelete_header":"Delete","action_cannot_be_undone":"This action cannot be undone.","button_yes":"Yes","button_no":"No","addons_largeaddon_header":"This add-on is large","addons_largeaddon_text":"The download can take a while. Continue?","restartrequired_header":"Restart required","restartrequired_text":"To make everything work as intended, restart the game","restartrequired_button_restart":"Restart","restartrequired_button_ignore":"Ignore","restartrequired_tooltip_something_might_work_wrong_then":"Something might work wrong then...","addons_header_images":"Images","addons_addon_extras_name":"Extras","addons_addon_extras_description":"A TVCat added something in this addon! Not quite sure what exactly, though.","addons_addon_realistic_skyboxes_name":"Realistic skyboxes","addons_addon_realistic_skyboxes_description":"Changes the skybox in most game levels","addons_addon_behind_the_scenes_name":"Behind the scenes","addons_addon_behind_the_scenes_description":"Screenshots made during mod development. You can check them in the special menu (a button near to \"info\" one on title screen)","workshop_header":"Workshop Browser","workshop_text":"Play human created levels","workshop_tab_subscriptions":"Subscriptions","workshop_tab_your_levels":"Your levels","workshop_tab_browse":"Browse...","workshop_option_levels":"Levels","workshop_option_collections":"Collections","workshop_filter_trending":"Trending","workshop_filter_recent":"Recent","workshop_filter_popular":"Popular","workshop_filter_most_downloaded":"Most downloaded","workshop_filter_by_followed_users":"By followed users","workshop_filter_by_friends":"By friends","workshop_filter_friends_favorites":"Friends' favorites","workshop_subtab_adventures":"Adventures","workshop_subtab_challenges":"Challenges","workshop_subtab_endless_levels":"Endless levels","workshop_subtab_lbs":"Last Bot Standing maps","workshop_button_reload":"Reload","workshop_button_clear":"Clear","workshop_tooltip_search_items":"Search items...","workshop_no_results":"There's nothing to display...","workshop_viewing_levels_created_by":"Viewing levels created by","workshop_button_steam_page":"Steam page","workshop_button_profile":"Profile","workshop_button_levels":"Levels","workshop_button_share":"Share","workshop_button_favorite":"Favorite","workshop_button_subscribe":"Subscribe","workshop_button_unsubscribe":"Unsubscribe","workshop_leveldetails_author":"By","workshop_leveldetails_not_enough_ratings":"Not enough ratings","workshop_leveldetails_tags":"Tags:","workshop_leveldetails_favorites":"Favorites:","workshop_leveldetails_file_size":"File size:","workshop_leveldetails_posted":"Posted:","workshop_leveldetails_updated":"Updated:","workshop_link_copied":"Link copied!","workshop_leveldetails_subscribers":"Subscribers:","behind_the_scenes_header":"Behind the scenes","behind_the_scenes_text":"Screenshots made during development","behind_the_scenes_early_arena_overhaul_name":"Early arena overhaul","behind_the_scenes_early_arena_overhaul_description":"This is how overhauled arena looked like during v0.3 development. It also had enemy count displays on walls.","behind_the_scenes_level_editor_ui_rework_v1_name":"Level editor UI rework v1","behind_the_scenes_level_editor_ui_rework_v1_description":"This existed during early mod development. Many modded UIs looked weird back then.","behind_the_scenes_level_editor_ui_rework_v2_name":"Level editor UI rework v2","behind_the_scenes_level_editor_ui_rework_v2_description":"Made during Overhaul v0.2 development. The UI was hard to code so it was scrapped.","behind_the_scenes_old_achievements_menu_redesign_name":"Old achievements menu redesign","behind_the_scenes_old_achievements_menu_redesign_description":"It got its final design in a few days after this one was made","behind_the_scenes_old_player_customization_menu_name":"Old player customization menu","behind_the_scenes_old_player_customization_menu_description":"It was made under 30 minutes.","behind_the_scenes_old_endless_mode_menu_name":"Old endless mode menu","behind_the_scenes_old_endless_mode_menu_description":"One of the first UIs ever got added into v0.4","behind_the_scenes_early_implementation_of_crash_screen_redesign_name":"Early implementation of crash screen redesign","behind_the_scenes_old_news_menu_name":"Old news menu","behind_the_scenes_old_news_menu_description":"Like updates menu, it didn't have any functionality","behind_the_scenes_old_pause_menu_redesign_name":"Old pause menu redesign","behind_the_scenes_old_pause_menu_redesign_description":"The pause menu received its functionality almost at the end of development","behind_the_scenes_old_customization_editor_ui_name":"Old customization editor UI","behind_the_scenes_old_customization_editor_ui_description":"Initially it was supposed to be more like the level editor.","behind_the_scenes_early_implementation_of_customization_editor_name":"Early implementation of customization editor","behind_the_scenes_old_advanced_photo_mode_name":"Old advanced photo mode","behind_the_scenes_old_advanced_photo_mode_description":"This is how photo mode looked like in v0.2 developer builds","behind_the_scenes_overhauled_title_screen_v1_name":"Overhauled title screen v1","behind_the_scenes_overhauled_title_screen_v1_description":"Made before I decided to completely redesign the mod","behind_the_scenes_overhauled_title_screen_v2_old_name":"Overhauled title screen v2 (Old)","behind_the_scenes_overhauled_title_screen_v2_old_description":"This is how reworked title screen looked like during early v0.4 development","behind_the_scenes_old_updates_menu_name":"Old updates menu","behind_the_scenes_old_updates_menu_description":"It didn't have any functionality that time","behind_the_scenes_old_settings_menu_redesign_1_name":"Old settings menu redesign 1","behind_the_scenes_old_settings_menu_redesign_1_description":"This was done before getting combined into one UI.","behind_the_scenes_old_settings_menu_redesign_2_name":"Old settings menu redesign 2","behind_the_scenes_old_settings_menu_redesign_2_description":"It contained waaay less options than now","behind_the_scenes_old_overhauled_workshop_browser_v1_name":"Old overhauled workshop browser v1","behind_the_scenes_old_overhauled_workshop_browser_v1_description":"The first iteration of reworked workshop browser.","behind_the_scenes_old_overhauled_workshop_browser_v2_name":"Old overhauled workshop browser v2","behind_the_scenes_old_overhauled_workshop_browser_v2_description":"The second iteration of reworked workshop browser. Tabs feature was supposed to be added so you could check several levels at the same time.","behind_the_scenes_old_overhauled_workshop_browser_v3_old_description":"The third and current iteration of reworked workshop browser.","behind_the_scenes_quick_reset_-_scrapped_feature_name":"Quick reset - scrapped feature","behind_the_scenes_quick_reset_-_scrapped_feature_description":"The fast way to restart levels. Got scrapped due to large amount of bugs","behind_the_scenes_scrapped_game_mode_selection_menu_name":"Scrapped game mode selection menu","behind_the_scenes_scrapped_game_mode_selection_menu_description":"It was scrapped due to technical reasons.","behind_the_scenes_image_viewer":"Image viewer","behind_the_scenes_old_overhauled_workshop_browser_v3_old_name":"Old overhauled workshop browser v3 (old)","behind_the_scenes_early_implementation_of_customization_editor_description":"No description provided.","behind_the_scenes_early_implementation_of_crash_screen_redesign_description":"No description provided.","news_select_answer":"Select answer:","copy_text":"Copy text","modui_uiduelinvitemenurework":"Multiplayer game mode menus redesign","workshop_viewing_levels_with_title":"Searching levels with:","downloading...":"Downloading..."},"Translations_ru":{"$type":"System.Collections.Generic.Dictionary`2[[System.String, mscorlib],[System.String, mscorlib]], mscorlib","nightmarium":"Кошмариум","enum_commentatron":"Комментатор","enum_analysisbot":"Анализатор","enum_victoryannouncer":"Объявитель","enum_helpvoice":"Объявитель","enum_emperor":"Император","enum_ghost":"Эмилия","enum_fleetoverseer":"Оператор флота","enum_warcubes":"Боевые кубы","enum_fleetanalysisbot1":"Военачальник","enum_fleetanalysisbot2":"Управитель разумом","enum_fleetanalysisbot3":"Командир пехоты","enum_fleetanalysisbot4":"Логистик","enum_fleetcaptain":"Капитан флота","enum_captainsniper":"Капитан \"Снайпер\"","enum_captaingatling":"Капитан \"Гатлинг\"","enum_battlecruiserai":"ИИ крейсера","enum_fleetadmiral":"Адмирал флота","enum_captainmissile":"Капитан \"Ракета\"","enum_zombiecaptain":"Зомби капитан","download":"Загрузить","modui_uichapterselectmenurework":"Редизайн панели выбора глав","modui_uiendlessmodemenu":"Меню бесконечного режима","modui_uichallengesmenurework":"Редизайн меню испытаний","modui_uiworkshopbrowser":"Редизайн браузера мастерской Steam","modui_uiadvancementsmenu":"Редизайн меню достижений","modui_uisettingsmenurework":"Редизайн меню настроек","modui_uititlescreenrework":"Редизайн титульного экрана","workshop":"Мастерская","customization":"Кастомизация","feedback":"Отзыв","news":"Новости","updates":"Обновления","leaderboard":"Таблица лидеров","vanilla":"Ориг.","editor":"Редактор","info_short":"Инфо","customize":"Настроить","add-ons":"Аддоны","new!":"Новое!","build_note":"Этот мод находится в разработке и содержит ошибки.\nФункции могут изменитьсяв будущем.","log in":"Войти","erase progress":"Стереть прогресс","current progress:":"Текущий прогресс:","view your high scores":"Просмотр ваших рекордов","export":"Экспорт","folder":"Папка","clear":"Очистить","escalating challenges":"Чем дальше — тем сложнее","level_context":"уровень","my achievements":"Мои достижения","statistics":"Статистика","sync with steam":"Синхронизировать со Steam","information":"Информация","done":"Готово","send":"Отправить","feedback_rate":"Какую оценку вы поставите?","feedback_favorite":"Что понравилось в модификации?","feedback_improve":"Что можно улучшить? (Исправить баг/Предложение)","feedback_header":"Поделитесь мыслями","feedback_description":"Отправить отзыв разработчику Overhaul мода","like":"Лайк","charsleft":"символов осталось","news_header":"Новости по модификации","news_description":"Последние новости об Overhaul моде","refresh":"Обновить","updates_header":"Обновления Overhaul мода","updates_description":"Получите последнюю версию","select branch:":"Выберите ветку:","check for updates":"Проверить обновления","check on startup":"Проверять при запуске","update available:":"Доступно обновление","in-game update":"Обновить мод","no updates found":"Обновлений нет.","error:":"Ошибка:","installation error":"Ошибка установки","update the mod in-game?":"Обновить мод?","ingame_update_desc":"Вы не сможете выходить из этого меню пока устанавливается новая версия.\n\nПримечание: Это функция всё ещё тестируюется, поэтому могут возникнуть баги.\nИспользуйте это с осторожностью.","update":"Обновить","cancel":"Отменить","selected branch:":"Выбранная ветка:","update_branch_release_description":"Получать только стабильные сборки.","update_branch_testing_description":"Получать последние публичные тестовые сборки.","update_branch_canary_description":"Получать сборки разработчика.","update_branch_unknown_description":"Нет описания.","settings_tab_home":"Главная","settings_tab_gameplay":"Геймплей","settings_tab_graphics":"Графика","settings_tab_sounds":"Аудио","settings_tab_controls":"Управление","settings_tab_multiplayer":"Мультиплеер","settings_tab_mod-bot":"Мод-бот","settings_tab_advanced":"Продвинутые","settings_header_game_interface":"Игровой интерфейс","settings_header_multiplayer_settings":"Настройки мультиплеера","settings_header_gameplay_settings":"Настройки геймплея","settings_header_twitch":"Twitch","settings_header_graphics":"Графика","settings_header_robots":"Роботы","settings_header_camera":"Камера","settings_header_environment":"Окружение","settings_header_voxel_engine":"Рендер вокселей","settings_header_garbage":"Хлам и мусор","settings_header_volume":"Громкость","settings_header_filters":"Фильтры","settings_header_controls_settings":"Настройки управления","settings_header_player":"Игрок","settings_header_transitions":"Переходы","settings_header_rich_presence":"Статус активности (Discord)","settings_header_misc.":"Другое","settings_subheader_language":"Язык","settings_subheader_camera_mode":"Режим камеры","settings_subheader_preferred_region":"Предпочитаемый регион","settings_subheader_difficulty":"Сложность","settings_subheader_player":"Игрок","settings_subheader_endless_levels":"Бесконечные уровни","settings_subheader_window":"Окно","settings_subheader_render":"Визуализация","settings_subheader_post_effects":"Пост-эффекты","settings_subheader_field_of_view":"Поле зрения","settings_subheader_force_weather_type":"Принудительно ставить погоду на...","settings_subheader_global":"Общее","settings_subheader_music":"Музыка","settings_subheader_commentator":"Комментатор","settings_subheader_reverb_intensity":"Интенсивность реверберации","settings_subheader_mouse":"Чувствительность мыши","settings_subheader_controller":"Чувствительность геймпада","settings_subheader_open_console":"Открыть консоль","settings_subheader_toggle_fps_label":"Вкл/выкл счётчик FPS","settings_subheader_skin":"Скин","settings_subheader_personalization":"Персонализация","settings_checkbox_show_game_ui":"Показывать игровой интерфейс","settings_checkbox_show_subtitles":"Показывать субтитры","settings_checkbox_display_who's_speaking":"Показывать говорящего","settings_checkbox_show_overhaul_mod_version":"Показывать версию Overhaul мода","settings_checkbox_first_person_mode":"Режим от 1-го лица","settings_checkbox_camera_bobbing":"Тряска камеры","settings_checkbox_use_skin_in_singleplayer":"Использовать скин в одиночной игре","settings_checkbox_mute_twitch_emotes":"Заглушить эмоции Twitch","settings_checkbox_dev_stream_notifications":"Уведомлять о стриме разработчика","settings_checkbox_fullscreen":"Полный экран","settings_checkbox_vsync":"Вертикальная синхронизация","settings_checkbox_enable_title_bar_changes":"Включить изменения заголовка окна","settings_checkbox_ambient_occlusion":"Окружающая окклюзия","settings_checkbox_dithering":"Дизеринг","settings_checkbox_vignette":"Виньетка","settings_checkbox_bloom":"Свечение","settings_checkbox_adjust_bloom_settings":"Отрегулировать настройки свечения","settings_checkbox_show_equipped_weapons":"Показывать экипированные оружия","settings_checkbox_lightning_transitions":"Переход света","settings_checkbox_arena_remodel":"Переработанная арена","settings_checkbox_floating_dust":"Парящая пыль","settings_checkbox_enable_weather":"Включить погоду","settings_checkbox_reverb":"Реверберация","settings_checkbox_invert_mouse":"Инвертировать мышь","settings_checkbox_invert_controller":"Инвертировать геймпад","settings_checkbox_1:1_look_ratio":"Соотношение 1:1","settings_checkbox_collisions":"Коллизии","settings_checkbox_enable_sparks":"Включить искры","settings_checkbox_better_damage_colors":"Улучшенные цвета повреждений","settings_checkbox_better_fire_spreading":"Улучшенное распространение огня","settings_checkbox_always_burn_voxels":"Всегда поджигать воксели","settings_checkbox_enable_particles":"Включить частицы","settings_checkbox_better_scene_transitions":"Улучшенные переходы между сценами","settings_checkbox_better_in-game_transitions":"Улучшенные игровые переходы","settings_checkbox_transition_on_startup":"Переход во время запуска","settings_checkbox_enable_rich_presence":"Включить статус активности","settings_checkbox_display_details":"Показывать подробности","settings_checkbox_display_editing_level_name":"Показывать название редактируемого уровня","settings_checkbox_relay_connection":"Релейное соединение","settings_checkbox_advanced_photo_mode":"Продвинутый фото-режим","settings_button_configure_overhaul_mod_uis":"Настроить интерфейсы Overhaul","settings_button_configure_ui_enhancements":"Настроить улучшения интерфейса","settings_button_set":"Ввод","settings_button_get_more_levels":"Получить уровни из мастерской","settings_button_enemy_spawn_settings":"Настройки спавна врагов","settings_button_reset_camera_settings":"Сбросить настройки камеры","settings_button_edit_controls":"Изменить управление","settings_button_edit_tags":"Изменить теги","settings_button_sign_out":"Выход из учетной записи","settings_button_manage_muted_players":"Редактировать заглушенных игроков","settings_button_select_emotes":"Изменить колесо эмоций","settings_button_personalize":"Персонализировать","settings_tooltip_disable_this_setting_to_revert_the_vanilla_bloom":"Отключите эту настройку, если хотите вернуть ванильное свечение","settings_tooltip_the_lightning_changes_smoothly_as_level_switches":"Свет арены будет плавно меняться во время смены уровня","settings_tooltip_made_by_@water2977":"Автор: @water2977","settings_tooltip_doborog_logo_will_be_smoothly_faded_out_on_game_start":"Логотип Doborog плавно скроется после загрузки игры","settings_tooltip_improves_ping_on_some_machines,_but_can_also_make_it_worse":"Улучшает пинг на некоторых девайсах, однако может сделать и хуже","settings_use_vanilla_menu_if":"Используйте оригинальное меню, если нужной вам опции здесь нет","settings_header_controls":"Управление","settings_header_website_integration":"Интеграция с сайтом","feedback_success_header":"Отзыв успешно отправлен!","feedback_success_text":"Спасибо!","settings_button_done":"Завершить","button_customize_player":"Кастомизация","customization_header":"Кастомизация игрока","customization_tab_weapon_skins":"Скины на оружия","customization_tab_accessories":"Аксессуары","customization_tab_pets":"Питомцы","customization_subtab_sword":"Меч","customization_subtab_bow":"Лук","customization_subtab_hammer":"Молот","customization_subtab_spear":"Копьё","customization_subtab_shield":"Щит","customization_button_default_skin":"Скин по умолчанию","customization_button_update":"Обновить","customization_button_done":"Готово","customization_sortoption_alphabet":"По алфавиту","customization_sortoption_exclusive":"Эксклюзивные","settings_option_none":"Нет","settings_option_snowy":"Снег","settings_option_rainy":"Дождь","customization_author":"Автор:","customization_itemstatus_not_verified":"Этот предмет еще не проверен.","customization_itemstatus_locked":"Этот предмет эксклюзивен и недоступен вам.","customization_itemstatus_not_verified_and_exclusive":"Этот предмет эксклюзивен и еще не проверен.","customization_search_items":"Искать предмет...","customization_accessories_and_pets_wip":"Аксессуары и питомцы появятся в версии v0.4.1!","wip_header":"Работа идёт полным ходом!","wip_text":"Функциональность появится в следующих версиях...","settings_button_sign_in":"Войти","customization_vanilla":"Из оригинальной игры","customization_new":"НОВОЕ","settings_checkbox_camera_rolling":"Вращение камеры","settings_tooltip_change_what_enemies_spawn":"Определяет, какие враги появляются","loading":"Загрузка...","settings_header_energy_bar_enhancements":"Улучшения шкалы энергии","settings_checkbox_energy_bar_redesign":"Изменённый вид шкалы энергии","settings_checkbox_fade_out_energy_bar_if_full":"Скрывать шкалу энергии при полном заряде","settings_subheader_fade_out_intensity":"Прозрачность при скрытии","settings_button_go_back":"Вернуться","settings_button_reset_energy_bar_settings":"Сбросить настройки шкалы энергии","customization_need_update_header":"Обновить библиотеку\nкастомизации игрока","customization_need_update_text":"Для правильной работы кастомизации игрока необходимо обновить/установить библиотеку.","customization_current_assets_version":"Установленная версия библиотеки:","true":"Да","false":"Нет","customization_author_from_the_game":"из официальной игры","customization_button_refresh":"Проверить","customization_settings_header":"Настройки персонализации","perks_header":"Эксклюзивные привилегии","perks_text":"Эксклюзивные вещи, которые доступны вам","perks_button_refresh_data":"Обновить данные","perks_tooltip_refresh_data":"Автоматически обновляется каждые 5 дней","credits_header_mod_made_by":"Автор мода:","credits_tooltip_click_too_see_profile":"*Нажмите на имя, чтобы открыть профиль Steam","credits_header_details":"Детали:","credits_button_credits":"Люди, помогавшие в работе","credits_button_discord_server":"Сервер в Дискорде","credits_button_modbot_page":"Страница на Mod-Bot","credits_tooltip_dead_server_xd":"Мёртвый сервер xd","credits_text_mod_version":"Версия мода:","credits_text_compilation_date":"Дата компиляции:","credits_text_milestone":"Статус версии:","credits_text_is_modbot_release":"Релиз из Mod-Bot?:","credits_text_is_github_release":"Релиз из Github?:","credits_text_is_internal_release":"Релиз локальный?:","credits_text_has_v0.5_features":"Имеет нововведения из v0.5?:","credits_text_debug_mode":"Режим отладки?:","credits_header_credits":"Люди, помогавшие в работе","credits_text_credits":"Они помогали с разработкой этого мода","credits_header_author":"Автор:","credits_header_playtested_by":"Тестеры мода:","credits_header_special_thanks":"Особая благодарность:","credits_tooltip_author_a_tvcat":"Ку","credits_tooltip_playtested_by_sonicgleb":"Самый первый тестер","credits_tooltip_special_thanks_sonicgleb":"Сделал некоторые иконки для интерфейса и воксельные модели","credits_tooltip_special_thanks_igrok_x_xp":"Сделал некоторые воксельные модели","credits_tooltip_special_thanks_water":"Сделал переработанную арену и уровень редактора персонализации","mmcustomization_header":"Настройка главного меню","mmcustomization_text":"Настройте его под себя","mmcustomization_subheader_music":"Музыка","mmcustomization_subheader_background_level":"Уровень на фоне","mmcustomization_text_track":"Трек","mmcustomization_text_volume":"Громкость трека","mmcustomization_text_current_level":"Текущий уровень","mmcustomization_text_set":"Установить...","mmcustomization_button_in-game_level":"Уровень из игры","mmcustomization_button_workshop_level":"Уровень из мастерской","mmcustomization_button_custom_level":"Свой уровень","mmcustomization_button_preview":"Предпросмотр","difficulty_silver":"Серебро","difficulty_bronze":"Бронза","mmcustomization_header_level_description_browser":"Браузер уровней","mmcustomization_text_select_a_level":"Выберите уровень","mmcustomization_text_n_levels_to_pick":"уровней можно выбрать","file_explorer_nothing":"Нет файла","file_explorer_downloads":"Загрузки","file_explorer_header":"Файлы","file_explorer_text":"Выберите файл на вашем компьютере","mmcustomization_header_select_level_difficulty":"Выберите сложность уровня","difficulty_gold":"Золото","difficulty_diamond":"Алмаз","difficulty_titanium":"Титан","difficulty_uranium":"Ураниум","difficulty_insanium":"Безумиум","difficulty_nightmarium":"Кошмариум","file_explorer_pattern":"Структура","settings_checkbox_require_rmb_holding":"Требовать удерживание ПКМ","settings_tooltip_require_holding_right_mouse_button_when_controls_are_hidden":"Требовать удерживание правой кнопки мыши для\nперемещения камеры, когда спрятано управление","customization_need_install_header":"Установить библиотеку\nкастомизации игрока","customization_button_install":"Установить","settings_checkbox_enable_fov_override":"Изменить поле зрения","settings_tooltip_fov_override":"Может вызвать баги с камерой в некоторых случаях.\nИх можно исправить перезапуском уровня","settings_firstsetup_header":"Настройка Overhaul мода","settings_firstsetup_text":"Это не займёт много времени","settings_subheader_camera_effects":"Эффекты камеры","settings_subheader_particle_effects":"Эффекты частиц","settings_subheader_voxel_engine":"Рендер вокселей","settings_subheader_toggle_camera_mode":"Переключить режим камеры","feedback_type_text":"Введите текст...","news_no_survey":"У этого поста нет опроса","addons_header":"Аддоны для Overhaul","addons_text":"Дополнительный контент для мода","addons_tab_installed":"Установленные","addons_tab_download_addons":"Загрузить","addons_confirmdelete_header":"Удалить","action_cannot_be_undone":"Это действие не может быть отменено.","button_yes":"Да","button_no":"Нет","addons_largeaddon_header":"Это дополнение довольно большое","addons_largeaddon_text":"Загрузка может занять некоторое время. Продолжить?","restartrequired_header":"Требуется перезапуск","restartrequired_text":"Чтобы всё пошло по маслу, необходимо перезапустить игру","restartrequired_button_restart":"Перезапустить","restartrequired_button_ignore":"Игнорировать","restartrequired_tooltip_something_might_work_wrong_then":"Тогда что-то может поломаться...","addons_header_images":"Изображения","addons_addon_extras_name":"Добавочные функции","addons_addon_extras_description":"A TVCat что-то добавил в это дополнение! Не знаю, правда, что именно...","addons_addon_realistic_skyboxes_name":"Реалистичные сцены неба","addons_addon_realistic_skyboxes_description":"Изменяет небо на большинстве уровней","addons_addon_behind_the_scenes_name":"За кадром","addons_addon_behind_the_scenes_description":"Скриншоты, сделанные во время разработки. Вы можете просмотреть их в специальном меню (кнопка рядом с \"инфо\" в главном меню)","workshop_header":"Браузер мастерской","workshop_text":"Играйте в уровни от других людей","workshop_tab_subscriptions":"Ваши подписки","workshop_tab_your_levels":"Ваши уровни","workshop_tab_browse":"Искать...","workshop_option_levels":"Уровни","workshop_option_collections":"Коллекции","workshop_filter_trending":"В тренде","workshop_filter_recent":"Недавнее","workshop_filter_popular":"Популярное","workshop_filter_most_downloaded":"По числу подписчиков","workshop_filter_by_followed_users":"От отслеживаемых","workshop_filter_by_friends":"От друзей","workshop_filter_friends_favorites":"Любимое друзей","workshop_subtab_adventures":"Приключения","workshop_subtab_challenges":"Испытания","workshop_subtab_endless_levels":"Бесконечные уровни","workshop_subtab_lbs":"Карты \"До последнего бота\"","workshop_button_reload":"Обновить","workshop_button_clear":"Очистить","workshop_tooltip_search_items":"Искать уровни...","workshop_no_results":"Здесь ничего нет...","workshop_viewing_levels_created_by":"Просмотр уровней от","workshop_button_steam_page":"Страница в Steam","workshop_button_profile":"Профиль","workshop_button_levels":"Уровни","workshop_button_share":"Поделиться","workshop_button_favorite":"В избранное","workshop_button_subscribe":"Подписаться","workshop_button_unsubscribe":"Отписаться","workshop_leveldetails_author":"Автор:","workshop_leveldetails_not_enough_ratings":"Недостаточно оценок","workshop_leveldetails_tags":"Теги: ","workshop_leveldetails_favorites":"В избранных:","workshop_leveldetails_file_size":"Размер файла:","workshop_leveldetails_posted":"Опубликовано:","workshop_leveldetails_updated":"Обновлено:","workshop_link_copied":"Ссылка скопирована!","workshop_leveldetails_subscribers":"Подписчики:","behind_the_scenes_header":"За кадром","behind_the_scenes_text":"Скриншоты, сделанные во время разработки","behind_the_scenes_early_arena_overhaul_name":"Ранняя версия улучшенной арены","behind_the_scenes_early_arena_overhaul_description":"Так выглядела арена во время разработки версии v0.3. Также на стенах находился счётчик оставшихся врагов.","behind_the_scenes_level_editor_ui_rework_v1_name":"Переработанный интерфейс редактора уровней, ver. 1","behind_the_scenes_level_editor_ui_rework_v1_description":"Он существовал во время ранней разработки мода. Множество модовых интерфейсов выглядели странно тогда.","behind_the_scenes_level_editor_ui_rework_v2_name":"Переработанный интерфейс редактора уровней, ver. 2","behind_the_scenes_level_editor_ui_rework_v2_description":"Был создан во время разработки версии мода v0.2. Этот интерфейс был сложен для программирования, поэтому он был отменён.","behind_the_scenes_old_achievements_menu_redesign_name":"Старое переработанное меню достижений","behind_the_scenes_old_achievements_menu_redesign_description":"Оно получило свой финальный дизайн через несколько дней после его создания","behind_the_scenes_old_player_customization_menu_name":"Старое меню кастомизации игрока","behind_the_scenes_old_player_customization_menu_description":"Оно было сделано на коленке за 30 минут.","behind_the_scenes_old_endless_mode_menu_name":"Старое меню бесконечного режима","behind_the_scenes_old_endless_mode_menu_description":"Одно из первых интерфейсов, добавленное в версию v0.4","behind_the_scenes_early_implementation_of_crash_screen_redesign_name":"Ранний редизайн экрана ошибки","behind_the_scenes_old_news_menu_name":"Старое меню новостей","behind_the_scenes_old_news_menu_description":"Как и с меню обновлений, у него не было никакого функционала","behind_the_scenes_old_pause_menu_redesign_name":"Старый редизайн меню паузы","behind_the_scenes_old_pause_menu_redesign_description":"Меню паузы получило свой функционал только к концу его разработки","behind_the_scenes_old_customization_editor_ui_name":"Старый интерфейс редактора кастомизации","behind_the_scenes_old_customization_editor_ui_description":"По задумке он должен был походить на редактор уровней.","behind_the_scenes_early_implementation_of_customization_editor_name":"Ранний редактор кастомизации","behind_the_scenes_old_advanced_photo_mode_name":"Старый продвинутый фото-режим","behind_the_scenes_old_advanced_photo_mode_description":"Так выглядел фото-режим в билдах разработчика версии v0.2.","behind_the_scenes_overhauled_title_screen_v1_name":"Улучшенное главное меню, ver. 1","behind_the_scenes_overhauled_title_screen_v1_description":"Сделано до того, как я решил полностью перелопатить дизайн мода","behind_the_scenes_overhauled_title_screen_v2_old_name":"Улучшенное главное меню, ver. 2 (Старое)","behind_the_scenes_overhauled_title_screen_v2_old_description":"Так выглядело переработанное главное меню в самом начале разработкии версии v0.4.","behind_the_scenes_old_updates_menu_name":"Старое меню обновлений","behind_the_scenes_old_updates_menu_description":"У него не было функционала на то время","behind_the_scenes_old_settings_menu_redesign_1_name":"Редизайн старого меню настроек 1","behind_the_scenes_old_settings_menu_redesign_1_description":"Оно было сделано до объединения всего в один интерфейс.","behind_the_scenes_old_settings_menu_redesign_2_name":"Редизайн старого меню настроек 2","behind_the_scenes_old_settings_menu_redesign_2_description":"Оно содержало намноооого меньше настроек, чем сейчас","behind_the_scenes_old_overhauled_workshop_browser_v1_name":"Старый улучшенный браузер мастерской, ver. 1","behind_the_scenes_old_overhauled_workshop_browser_v1_description":"Первая итерация переработанного браузера мастерской.","behind_the_scenes_old_overhauled_workshop_browser_v2_name":"Старый улучшенный браузер мастерской, ver. 2","behind_the_scenes_old_overhauled_workshop_browser_v2_description":"Вторая итерация переработанного браузера мастерской. Была идея добавить вкладки для возможности смотреть несколько уровней за раз.","behind_the_scenes_old_overhauled_workshop_browser_v3_old_description":"Третья и текущая итерация переработанного браузера мастерской.","behind_the_scenes_quick_reset_-_scrapped_feature_name":"Быстрый перезапуск - удалённая функция","behind_the_scenes_quick_reset_-_scrapped_feature_description":"Быстрый способ начать уровни или испытания с самого начала. Был удалён в связи с кучей багов","behind_the_scenes_scrapped_game_mode_selection_menu_name":"Удалённое меню выбора режима","behind_the_scenes_scrapped_game_mode_selection_menu_description":"Было удалено по техническим причинам.","behind_the_scenes_image_viewer":"Просмотр изображений","behind_the_scenes_old_overhauled_workshop_browser_v3_old_name":"Старый улучшенный браузер мастерской, ver. 3 (Старый)","behind_the_scenes_early_implementation_of_customization_editor_description":"Нет описания.","behind_the_scenes_early_implementation_of_crash_screen_redesign_description":"Нет описания.","news_select_answer":"Выберите ответ:","copy_text":"Копировать текст","modui_uiduelinvitemenurework":"Редизайн меню многопользовательских режимов","workshop_viewing_levels_with_title":"Поиск уровней, содержащие:","downloading...":"Загрузка..."}}