{"$type":"OverhaulMod.Engine.ModLocalizationInfo, OverhaulMod","Translations_en":{"$type":"System.Collections.Generic.Dictionary`2[[System.String, mscorlib],[System.String, mscorlib]], mscorlib","test":"testing some translation stuff","Nightmarium":"Nightmarium","nightmarium":"Nightmarium"},"Translations_ru":{"$type":"System.Collections.Generic.Dictionary`2[[System.String, mscorlib],[System.String, mscorlib]], mscorlib","test":"Translation ru","Nightmarium":"Кошмариум","nightmarium":"Кошмариум"}}