{"$type":"OverhaulMod.Engine.ModLocalizationInfo, OverhaulMod","Translations_en":{"$type":"System.Collections.Generic.Dictionary`2[[System.String, mscorlib],[System.String, mscorlib]], mscorlib","nightmarium":"Nightmarium","enum_commentatron":"Commentatron","enum_analysisbot":"Analysis bot","enum_victoryannouncer":"Announcer","enum_helpvoice":"Announcer","enum_emperor":"Emperor","enum_ghost":"Emilia","enum_fleetoverseer":"Fleet Overseer","enum_warcubes":"War cubes","enum_fleetanalysisbot1":"Warfare bot","enum_fleetanalysisbot2":"Mind space bot","enum_fleetanalysisbot3":"Infantry bot","enum_fleetanalysisbot4":"Logistics bot","enum_fleetcaptain":"Fleet Captain","enum_captainsniper":"Captain \"Sniper\"","enum_captaingatling":"Captain \"Gatling\"","enum_battlecruiserai":"Battlecruiser AI","enum_fleetadmiral":"Fleet Admiral","enum_captainmissile":"Captain \"Missile\"","enum_zombiecaptain":"Zombie Captain","download":"Download","modui_uichapterselectmenurework":"Chapter selection menu rework","modui_uiendlessmodemenu":"Endless mode menu","modui_uichallengesmenurework":"Challenges menu redesign","modui_uiworkshopbrowser":"Workshop browser rework","modui_uiadvancementsmenu":"Achievements menu redesign","modui_uisettingsmenurework":"Settings menu redesign","modui_uititlescreenrework":"Title screen redesign","workshop":"Workshop","customization":"Customization","feedback":"Feedback","news":"News","updates":"Updates","leaderboard":"Leaderboard","vanilla":"Vanilla","editor":"Level editor","info_short":"Info","customize":"Customize","add-ons":"Addons","new!":"New!","build_note":"This mod is in development and will contain bugs. \nAll features might change in future updates.","log in":"Log in","erase progress":"Erase progress","current progress:":"Current progress:","view your high scores":"View your high scores","export":"Export","folder":"Folder","clear":"Clear","escalating challenges":"Escalating challenges","level_context":"level","my achievements":"My achievements","statistics":"Statistics","sync with steam":"Sync with steam","information":"Information","done":"Done","send":"Send","feedback_rate":"What rate will you give?","feedback_favorite":"What do you like the most in the mod?","feedback_improve":"How the mod can be improved? (Bug report/Suggestion)","feedback_header":"Share your thoughts","feedback_description":"Give feedback to overhaul mod developer","like":"Like","charsleft":"characters left","news_header":"Mod news","news_description":"Latest news about the mod","refresh":"Refresh","updates_header":"Overhaul mod updates","updates_description":"Get latest builds","select branch:":"Select branch:","check for updates":"Check for updates","check on startup":"Check on startup","update available:":"Update available:","in-game update":"Install update","no updates found":"No updates found.","error:":"Error:","installation error":"Installation error","Update the mod in-game?":"Update the mod in-game?","ingame_update_desc":"You won't be able to exit this menu while downloading the new build.\n\nNOTE: This feature is still being tested so it might cause bugs.\nUse this with caution.","update":"Update","cancel":"Cancel","selected branch:":"Selected branch:","update_branch_release_description":"Get only stable builds.","update_branch_testing_description":"Get latest public test builds.","update_branch_canary_description":"Get developer builds.","update_branch_unknown_description":"No description.","settings_tab_home":"Home","settings_tab_gameplay":"Gameplay","settings_tab_graphics":"Graphics","settings_tab_sounds":"Sounds","settings_tab_controls":"Controls","settings_tab_multiplayer":"Multiplayer","settings_tab_mod-bot":"Mod-Bot","settings_tab_advanced":"Advanced","settings_header_game_interface":"Game interface","settings_header_multiplayer_settings":"Multiplayer settings","settings_header_gameplay_settings":"Gameplay settings","settings_header_twitch":"Twitch","settings_header_graphics":"Graphics","settings_header_robots":"Robots","settings_header_camera":"Camera","settings_header_environment":"Environment","settings_header_voxel_engine":"Voxel engine","settings_header_garbage":"Garbage","settings_header_volume":"Volume","settings_header_filters":"Filters","settings_header_controls_settings":"Controls settings","settings_header_player":"Player","settings_header_transitions":"Transitions","settings_header_rich_presence":"Rich presence (Discord)","settings_header_misc.":"Misc","settings_subheader_language":"Language","settings_subheader_camera_mode":"Camera mode","settings_subheader_preferred_region":"Preferred region","settings_subheader_difficulty":"Difficulty","settings_subheader_player":"Player","settings_subheader_endless_levels":"Endless levels","settings_subheader_window":"Window","settings_subheader_render":"Render","settings_subheader_post_effects":"Post effects","settings_subheader_field_of_view":"Field of view","settings_subheader_force_weather_type":"Force weather type","settings_subheader_global":"Global","settings_subheader_music":"Music","settings_subheader_commentator":"Commentator","settings_subheader_reverb_intensity":"Reverb intensity","settings_subheader_mouse":"Mouse","settings_subheader_controller":"Controller","settings_subheader_open_console":"Open console","settings_subheader_toggle_fps_label":"Toggle FPS label","settings_subheader_skin":"Skin","settings_subheader_personalization":"Personalization","settings_checkbox_show_game_ui":"Show Game UI","settings_checkbox_show_subtitles":"Show subtitles","settings_checkbox_display_whos_speaking":"Display who's speaking","settings_checkbox_show_overhaul_mod_version":"Show Overhaul mod version","settings_checkbox_first_person_mode":"First person mode","settings_checkbox_camera_bobbing":"Camera bobbing","settings_checkbox_use_skin_in_singleplayer":"Use skin in singleplayer","settings_checkbox_mute_twitch_emotes":"Mute Twitch emotes","settings_checkbox_dev_stream_notifications":"Dev stream notifications","settings_checkbox_fullscreen":"Fullscreen","settings_checkbox_vsync":"V-Sync","settings_checkbox_enable_title_bar_changes":"Enable title bar changes","settings_checkbox_ambient_occlusion":"Ambient occlusion","settings_checkbox_dithering":"Dithering","settings_checkbox_vignette":"Vignette","settings_checkbox_bloom":"Bloom","settings_checkbox_adjust_bloom_settings":"Adjust Bloom settings","settings_checkbox_show_equipped_weapons":"Show equipped weapons","settings_checkbox_lightning_transitions":"Lighting transitions","settings_checkbox_arena_remodel":"Arena remodel","settings_checkbox_floating_dust":"Floating dust","settings_checkbox_enable_weather":"Enable weather","settings_checkbox_reverb":"Reverb","settings_checkbox_invert_mouse":"Invert mouse","settings_checkbox_invert_controller":"Invert controller","settings_checkbox_1:1_look_ratio":"1:1 Look ratio","settings_checkbox_collisions":"Collisions","settings_checkbox_enable_sparks":"Enable sparks","settings_checkbox_better_damage_colors":"Better damage colors","settings_checkbox_better_fire_spreading":"Better fire spreading","settings_checkbox_always_burn_voxels":"Always burn voxels","settings_checkbox_enable_particles":"Enable particles","settings_checkbox_better_scene_transitions":"Better scene transitions","settings_checkbox_better_in-game_transitions":"Better in-game transitions","settings_checkbox_transition_on_startup":"Transition on startup","settings_checkbox_enable_rich_presence":"Enable Rich Presence","settings_checkbox_display_details":"Display details","settings_checkbox_display_editing_level_name":"Display editing level name","settings_checkbox_relay_connection":"Relay connection","settings_checkbox_advanced_photo_mode":"Advanced photo mode","settings_button_configure_overhaul_mod_uis":"Configure Overhaul mod UIs","settings_button_configure_ui_enhancements":"Configure UI enhancements","settings_button_set":"Set","settings_button_get_more_levels":"Get more levels","settings_button_enemy_spawn_settings":"Enemy spawn settings","settings_button_reset_camera_settings":"Reset camera settings","settings_button_edit_controls":"Edit controls","settings_button_edit_tags":"Edit tags","settings_button_sign_out":"Sign out","settings_button_manage_muted_players":"Manage muted players","settings_button_select_emotes":"Select emotes","settings_button_personalize":"Personalize","settings_tooltip_adjust_bloom_settings":"Disable this setting to revert the vanilla bloom","settings_tooltip_lighting_transition":"The lighting changes smoothly as level switches","settings_tooltip_arena_remodel":"Made by @water2977","settings_tooltip_transition_on_startup":"Doborog logo will be smoothly faded out on game start","settings_tooltip_relay_connection":"Improves ping on some machines, but can also make it worse","settings_use_vanilla_menu_if":"Use vanilla menu if required option isn't present","settings_header_controls":"Controls","settings_header_website_integration":"Website integration","feedback_success_header":"Successfully sent the feedback!","feedback_success_text":"Thanks!","button_ok":"Ok","button_customize_player":"Customize player","customization_header":"Customize player","customization_tab_weapon_skins":"Weapon skins","customization_tab_accessories":"Accessories","customization_tab_pets":"Pets","customization_subtab_sword":"Sword","customization_subtab_bow":"Bow","customization_subtab_hammer":"Hammer","customization_subtab_spear":"Spear","customization_subtab_shield":"Shield","customization_button_default_skin":"Default skin","customization_button_update":"Update","customization_button_done":"Done","customization_sortoption_alphabet":"Alphabet","customization_sortoption_exclusive":"exclusive","settings_option_none":"None","settings_option_snowy":"Snowy","settings_option_rainy":"Rainy","customization_author":"By","customization_itemstatus_not_verified":"This item is not verified.","customization_itemstatus_locked":"Locked due to item exclusivity.","customization_itemstatus_not_verified_and_exclusive":"This item is exclusive and not verified.","customization_search_items":"Search items...","customization_accessories_and_pets_wip":"Accessories and pets are coming in v0.4.1!","wip_header":"Work in progress!","wip_text":"Functionality will be added in later builds...","settings_button_sign_in":"Sign in","customization_vanilla":"From original game","customization_new":"NEW"},"Translations_ru":{"$type":"System.Collections.Generic.Dictionary`2[[System.String, mscorlib],[System.String, mscorlib]], mscorlib","nightmarium":"Кошмариум","enum_commentatron":"Комментатор","enum_analysisbot":"Анализатор","enum_victoryannouncer":"Объявитель","enum_helpvoice":"Объявитель","enum_emperor":"Император","enum_ghost":"Эмилия","enum_fleetoverseer":"Оператор флота","enum_warcubes":"Боевые кубы","enum_fleetanalysisbot1":"Военачальник","enum_fleetanalysisbot2":"Управитель разумом","enum_fleetanalysisbot3":"Командир пехоты","enum_fleetanalysisbot4":"Логистик","enum_fleetcaptain":"Капитан флота","enum_captainsniper":"Капитан \"Снайпер\"","enum_captaingatling":"Капитан \"Гатлинг\"","enum_battlecruiserai":"ИИ крейсера","enum_fleetadmiral":"Адмирал флота","enum_captainmissile":"Капитан \"Ракета\"","enum_zombiecaptain":"Зомби капитан","download":"Загрузить","modui_uichapterselectmenurework":"Переработанная панель выбора глав","modui_uiendlessmodemenu":"Меню бесконечного режима","modui_uichallengesmenurework":"Переработанное меню испытаний","modui_uiworkshopbrowser":"Переработанное меню мастерской","modui_uiadvancementsmenu":"Переработанное меню достижений","modui_uisettingsmenurework":"Переработанное меню настроек","modui_uititlescreenrework":"Переработанное главное меню","workshop":"Мастерская","customization":"Персонализация","feedback":"Отзыв","news":"Новости","updates":"Обновления","leaderboard":"Таблица лидеров","vanilla":"Ориг.","editor":"Редактор","info_short":"Инфо","customize":"Настроить","add-ons":"Аддоны","new!":"Новое!","build_note":"Этот мод находится в разработке и содержит ошибки.\nФункции могут изменитьсяв будущем.","log in":"Войти","erase progress":"Стереть прогресс","current progress:":"Текущий прогресс:","view your high scores":"Просмотр ваших рекордов","export":"Экспорт","folder":"Папка","clear":"Очистить","escalating challenges":"Чем дальше — тем сложнее","level_context":"уровень","my achievements":"Мои достижения","statistics":"Статистика","sync with steam":"Синхронизировать со Steam","information":"Информация","done":"Готово","send":"Отправить","feedback_rate":"Какую оценку вы поставите?","feedback_favorite":"Что понравилось в модификации?","feedback_improve":"Что можно улучшить? (Исправить баг/Предложение)","feedback_header":"Поделитесь мыслями","feedback_description":"Отправить отзыв разработчику Overhaul мода","like":"Лайк","charsleft":"символов осталось","news_header":"Новости по модификации","news_description":"Последние новости об Overhaul моде","refresh":"Обновить","updates_header":"Обновления Overhaul мода","updates_description":"Получите последнюю версию","select branch:":"Выберите ветку:","check for updates":"Проверить обновления","check on startup":"Проверять при запуске","update available:":"Доступно обновление","in-game update":"Обновить мод","no updates found":"Обновлений нет.","error:":"Ошибка:","installation error":"Ошибка установки","Update the mod in-game?":"Обновить мод?","ingame_update_desc":"Вы не сможете выходить из этого меню пока устанавливается новая версия.\n\nПримечание: Это функция всё ещё тестируюется, поэтому могут возникнуть баги.\nИспользуйте это с осторожностью.","update":"Обновить","cancel":"Отменить","selected branch:":"Выбранная ветка:","update_branch_release_description":"Получать только стабильные сборки.","update_branch_testing_description":"Получать последние публичные тестовые сборки.","update_branch_canary_description":"Получать сборки разработчика.","update_branch_unknown_description":"Нет описания.","settings_tab_home":"Главная","settings_tab_gameplay":"Геймплей","settings_tab_graphics":"Графика","settings_tab_sounds":"Аудио","settings_tab_controls":"Управление","settings_tab_multiplayer":"Мультиплеер","settings_tab_mod-bot":"Мод-бот","settings_tab_advanced":"Продвинутые","settings_header_game_interface":"Игровой интерфейс","settings_header_multiplayer_settings":"Настройки мультиплеера","settings_header_gameplay_settings":"Настройки геймплея","settings_header_twitch":"Twitch","settings_header_graphics":"Графика","settings_header_robots":"Роботы","settings_header_camera":"Камера","settings_header_environment":"Окружение","settings_header_voxel_engine":"Рендер вокселей","settings_header_garbage":"Хлам и мусор","settings_header_volume":"Громкость","settings_header_filters":"Фильтры","settings_header_controls_settings":"Настройки управления","settings_header_player":"Игрок","settings_header_transitions":"Переходы","settings_header_rich_presence":"Статус активности (Discord)","settings_header_misc.":"Другое","settings_subheader_language":"Язык","settings_subheader_camera_mode":"Режим камеры","settings_subheader_preferred_region":"Предпочитаемый регион","settings_subheader_difficulty":"Сложность","settings_subheader_player":"Игрок","settings_subheader_endless_levels":"Бесконечные уровни","settings_subheader_window":"Окно","settings_subheader_render":"Визуализация","settings_subheader_post_effects":"Пост-эффекты","settings_subheader_field_of_view":"Поле зрения","settings_subheader_force_weather_type":"Принудительно ставить погоду...","settings_subheader_global":"Общее","settings_subheader_music":"Музыка","settings_subheader_commentator":"Комментатор","settings_subheader_reverb_intensity":"Интенсивность реверберации","settings_subheader_mouse":"Мышь","settings_subheader_controller":"Геймпад","settings_subheader_open_console":"Открыть консоль","settings_subheader_toggle_fps_label":"Вкл/выкл счётчик FPS","settings_subheader_skin":"Скин","settings_subheader_personalization":"Персонализация","settings_checkbox_show_game_ui":"Показывать игровой интерфейс","settings_checkbox_show_subtitles":"Показывать субтитры","settings_checkbox_display_whos_speaking":"Показывать говорящего","settings_checkbox_show_overhaul_mod_version":"Показывать версию Overhaul мода","settings_checkbox_first_person_mode":"Режим от 1-го лица","settings_checkbox_camera_bobbing":"Тряска камеры","settings_checkbox_use_skin_in_singleplayer":"Использовать скин в одиночной игре","settings_checkbox_mute_twitch_emotes":"Заглушить эмоции Twitch","settings_checkbox_dev_stream_notifications":"Уведомлять о стриме разработчика","settings_checkbox_fullscreen":"Полный экран","settings_checkbox_vsync":"Вертикальная синхронизация","settings_checkbox_enable_title_bar_changes":"Включить изменения заголовка окна","settings_checkbox_ambient_occlusion":"Окружающая окклюзия","settings_checkbox_dithering":"Размытие","settings_checkbox_vignette":"Виньетка","settings_checkbox_bloom":"Свечение","settings_checkbox_adjust_bloom_settings":"Отрегулировать настройки свечения","settings_checkbox_show_equipped_weapons":"Показывать экипированные оружия","settings_checkbox_lightning_transitions":"Переход света","settings_checkbox_arena_remodel":"Переработанная арена","settings_checkbox_floating_dust":"Парящая пыль","settings_checkbox_enable_weather":"Включить погоду","settings_checkbox_reverb":"Реверберация","settings_checkbox_invert_mouse":"Инвертировать мышь","settings_checkbox_invert_controller":"Инвертировать геймпад","settings_checkbox_1:1_look_ratio":"Соотношение 1:1","settings_checkbox_collisions":"Коллизии","settings_checkbox_enable_sparks":"Включить искры","settings_checkbox_better_damage_colors":"Улучшенные цвета повреждений","settings_checkbox_better_fire_spreading":"Улучшенное распространение огня","settings_checkbox_always_burn_voxels":"Всегда поджигать воксели","settings_checkbox_enable_particles":"Включить частицы","settings_checkbox_better_scene_transitions":"Улучшенные переходы между сценами","settings_checkbox_better_in-game_transitions":"Улучшенные игровые переходы","settings_checkbox_transition_on_startup":"Переход во время запуска","settings_checkbox_enable_rich_presence":"Включить статус активности","settings_checkbox_display_details":"Показывать подробности","settings_checkbox_display_editing_level_name":"Показывать название редактируемого уровня","settings_checkbox_relay_connection":"Релейное соединение","settings_checkbox_advanced_photo_mode":"Продвинутый фото-режим","settings_button_configure_overhaul_mod_uis":"Настроить интерфейсы Overhaul","settings_button_configure_ui_enhancements":"Настроить улучшения интерфейса","settings_button_set":"Ввод","settings_button_get_more_levels":"Получить больше уровней","settings_button_enemy_spawn_settings":"Настройки спавна врагов","settings_button_reset_camera_settings":"Сбросить настройки камеры","settings_button_edit_controls":"Изменить управление","settings_button_edit_tags":"Изменить теги","settings_button_sign_out":"Выход из учетной записи","settings_button_manage_muted_players":"Редактировать заглушенных игроков","settings_button_select_emotes":"Изменить колесо эмоций","settings_button_personalize":"Персонализировать","settings_tooltip_adjust_bloom_settings":"Отключите эту настройку, если хотите вернуть ванильное цветение","settings_tooltip_lighting_transition":"Свет арены будет плавно меняться во время смены уровня","settings_tooltip_arena_remodel":"Автор: @water2977","settings_tooltip_transition_on_startup":"Логотип Doborog будет плавно уходить во время загрузки игры","settings_tooltip_relay_connection":"Улучшает пинг на некоторых девайсах, однако может сделать и хуже","settings_use_vanilla_menu_if":"Используйте ванильное меню, если нужной вам опции здесь нет","settings_header_controls":"Управление","settings_header_website_integration":"Интеграция с сайтом","feedback_success_header":"Отзыв успешно отправлен!","feedback_success_text":"Спасибо!","button_ok":"Подтвердить","button_customize_player":"Персонализация","customization_header":"Персонализация игрока","customization_tab_weapon_skins":"Скины на оружия","customization_tab_accessories":"Аксессуары","customization_tab_pets":"Питомцы","customization_subtab_sword":"Меч","customization_subtab_bow":"Лук","customization_subtab_hammer":"Молот","customization_subtab_spear":"Копьё","customization_subtab_shield":"Щит","customization_button_default_skin":"Скин по умолчанию","customization_button_update":"Обновить","customization_button_done":"Готово","customization_sortoption_alphabet":"По алфавиту","customization_sortoption_exclusive":"Эксклюзивные","settings_option_none":"Нет","settings_option_snowy":"Снег","settings_option_rainy":"Дождь","customization_author":"Автор:","customization_itemstatus_not_verified":"Этот предмет еще не проверен.","customization_itemstatus_locked":"Этот предмет эксклюзивен и недоступен вам.","customization_itemstatus_not_verified_and_exclusive":"Этот предмет эксклюзивен и еще не проверен.","customization_search_items":"Искать предмет...","customization_accessories_and_pets_wip":"Аксессуары и питомцы появятся в версии v0.4.1!","wip_header":"Работа идёт полным ходом!","wip_text":"Функциональность появится в следующих версиях...","settings_button_sign_in":"Войти","customization_vanilla":"Из оригинальной игры","customization_new":"НОВОЕ"}}