{"CharacterModel_Player(Clone)":{"OffsetPosition":{"x":0.0,"y":0.5,"z":0.0},"OffsetEulerAngles":{"x":-3.0,"y":0.0,"z":0.0},"OffsetLocalScale":{"x":0.7,"y":0.7,"z":0.7}},"CharacterModel_Enemy1(Clone)":{"OffsetPosition":{"x":0.0,"y":0.5,"z":0.0},"OffsetEulerAngles":{"x":-3.0,"y":0.0,"z":0.0},"OffsetLocalScale":{"x":0.8,"y":0.8,"z":0.8}},"CharacterModel_Enemy2(Clone)":{"OffsetPosition":{"x":0.0,"y":0.5,"z":0.0},"OffsetEulerAngles":{"x":-3.0,"y":0.0,"z":0.0},"OffsetLocalScale":{"x":0.8,"y":0.8,"z":0.8}},"CharacterModel_Enemy3(Clone)":{"OffsetPosition":{"x":0.0,"y":0.5,"z":0.0},"OffsetEulerAngles":{"x":-3.0,"y":0.0,"z":0.0},"OffsetLocalScale":{"x":0.8,"y":0.9,"z":0.8}},"CharacterModel_FireSwordsman1(Clone)":{"OffsetPosition":{"x":0.0,"y":0.5,"z":0.0},"OffsetEulerAngles":{"x":-3.0,"y":0.0,"z":0.0},"OffsetLocalScale":{"x":0.0,"y":0.0,"z":0.0}},"CharacterModel_Enemy5(Clone)":{"OffsetPosition":{"x":0.0,"y":0.53,"z":0.0},"OffsetEulerAngles":{"x":-10.0,"y":0.0,"z":0.0},"OffsetLocalScale":{"x":0.8,"y":1.1,"z":0.8}},"CharacterModel_Enemy1_archer(Clone)":{"OffsetPosition":{"x":0.0,"y":0.48,"z":0.0},"OffsetEulerAngles":{"x":-3.0,"y":0.0,"z":0.0},"OffsetLocalScale":{"x":0.8,"y":0.8,"z":0.8}},"CharacterModel_Enemy2_archer(Clone)":{"OffsetPosition":{"x":0.0,"y":0.48,"z":0.0},"OffsetEulerAngles":{"x":-3.0,"y":0.0,"z":0.0},"OffsetLocalScale":{"x":0.8,"y":0.8,"z":0.8}},"CharacterModel_Enemy3_archer(Clone)":{"OffsetPosition":{"x":0.0,"y":0.48,"z":0.0},"OffsetEulerAngles":{"x":-3.0,"y":0.0,"z":0.0},"OffsetLocalScale":{"x":0.8,"y":0.8,"z":0.8}},"CharacterModel_FireArcher1(Clone)":{"OffsetPosition":{"x":0.0,"y":0.48,"z":0.0},"OffsetEulerAngles":{"x":-3.0,"y":0.0,"z":0.0},"OffsetLocalScale":{"x":0.8,"y":0.8,"z":0.8}},"CharacterModel_Hammer1(Clone)":{"OffsetPosition":{"x":0.0,"y":0.5,"z":0.0},"OffsetEulerAngles":{"x":-3.0,"y":0.0,"z":0.0},"OffsetLocalScale":{"x":0.8,"y":0.8,"z":0.8}},"CharacterModel_Hammer2(Clone)":{"OffsetPosition":{"x":0.0,"y":0.5,"z":0.0},"OffsetEulerAngles":{"x":-3.0,"y":0.0,"z":0.0},"OffsetLocalScale":{"x":0.8,"y":0.8,"z":0.8}},"CharacterModel_Hammer3(Clone)":{"OffsetPosition":{"x":0.0,"y":0.5,"z":0.0},"OffsetEulerAngles":{"x":-3.0,"y":0.0,"z":0.0},"OffsetLocalScale":{"x":0.0,"y":0.0,"z":0.0}},"CharacterModel_Hammer4(Clone)":{"OffsetPosition":{"x":0.0,"y":0.0,"z":0.0},"OffsetEulerAngles":{"x":0.0,"y":0.0,"z":0.0},"OffsetLocalScale":{"x":0.0,"y":0.0,"z":0.0}},"CharacterModel_HammerJetpack(Clone)":{"OffsetPosition":{"x":0.0,"y":0.5,"z":0.0},"OffsetEulerAngles":{"x":-3.0,"y":0.0,"z":0.0},"OffsetLocalScale":{"x":0.0,"y":0.0,"z":0.0}},"CharacterModel_JetpackSpear1(Clone)":{"OffsetPosition":{"x":0.0,"y":0.5,"z":0.0},"OffsetEulerAngles":{"x":-3.0,"y":0.0,"z":0.0},"OffsetLocalScale":{"x":0.0,"y":0.0,"z":0.0}},"CharacterModel_JetpackSpear2(Clone)":{"OffsetPosition":{"x":0.0,"y":0.0,"z":0.0},"OffsetEulerAngles":{"x":0.0,"y":0.0,"z":0.0},"OffsetLocalScale":{"x":0.0,"y":0.0,"z":0.0}},"CharacterModel_Sprinter1(Clone)":{"OffsetPosition":{"x":0.0,"y":0.5,"z":0.0},"OffsetEulerAngles":{"x":-10.0,"y":0.0,"z":0.0},"OffsetLocalScale":{"x":0.0,"y":0.0,"z":0.0}},"CharacterModel_Sprinter2(Clone)":{"OffsetPosition":{"x":0.0,"y":0.52,"z":0.0},"OffsetEulerAngles":{"x":-3.0,"y":0.0,"z":0.0},"OffsetLocalScale":{"x":0.8,"y":0.8,"z":0.8}},"CharacterModel_SprinterBowman(Clone)":{"OffsetPosition":{"x":0.0,"y":0.52,"z":0.0},"OffsetEulerAngles":{"x":-3.0,"y":0.0,"z":0.0},"OffsetLocalScale":{"x":0.8,"y":0.8,"z":0.8}},"CharacterModel_KickBot(Clone)":{"OffsetPosition":{"x":0.0,"y":1.62,"z":0.0},"OffsetEulerAngles":{"x":180.0,"y":0.0,"z":0.0},"OffsetLocalScale":{"x":0.5,"y":0.5,"z":0.5}},"CharacterModel_KickBot2(Clone)":{"OffsetPosition":{"x":0.0,"y":1.75,"z":0.0},"OffsetEulerAngles":{"x":180.0,"y":0.0,"z":0.0},"OffsetLocalScale":{"x":0.5,"y":0.5,"z":0.5}},"CharacterModel_Spear1(Clone)":{"OffsetPosition":{"x":0.0,"y":0.0,"z":0.0},"OffsetEulerAngles":{"x":0.0,"y":0.0,"z":0.0},"OffsetLocalScale":{"x":0.0,"y":0.0,"z":0.0}},"CharacterModel_Spear2(Clone)":{"OffsetPosition":{"x":0.0,"y":0.53,"z":0.0},"OffsetEulerAngles":{"x":-10.0,"y":0.0,"z":0.0},"OffsetLocalScale":{"x":0.8,"y":1.1,"z":0.8}},"CharacterModel_Business1_Player(Clone)":{"OffsetPosition":{"x":0.0,"y":0.5,"z":0.0},"OffsetEulerAngles":{"x":-3.0,"y":0.0,"z":0.0},"OffsetLocalScale":{"x":0.8,"y":0.8,"z":0.8}},"CharacterModel_Emperor_Multiplayer(Clone)":{"OffsetPosition":{"x":0.0,"y":0.7,"z":0.1},"OffsetEulerAngles":{"x":-3.0,"y":0.0,"z":0.0},"OffsetLocalScale":{"x":0.8,"y":0.8,"z":0.8}},"CharacterModel_Zombie1_Player(Clone)":{"OffsetPosition":{"x":0.0,"y":0.55,"z":0.0},"OffsetEulerAngles":{"x":-3.0,"y":0.0,"z":0.0},"OffsetLocalScale":{"x":0.8,"y":0.8,"z":0.8}}}