{"CharacterModel_Player(Clone)":{"OffsetPosition":{"x":0.0,"y":0.33,"z":0.05},"OffsetEulerAngles":{"x":0.0,"y":0.0,"z":0.0},"OffsetLocalScale":{"x":0.3,"y":0.3,"z":0.3}},"CharacterModel_Enemy1(Clone)":{"OffsetPosition":{"x":0.0,"y":0.33,"z":0.05},"OffsetEulerAngles":{"x":0.0,"y":0.0,"z":0.0},"OffsetLocalScale":{"x":0.3,"y":0.3,"z":0.3}},"CharacterModel_Enemy2(Clone)":{"OffsetPosition":{"x":0.0,"y":0.33,"z":0.05},"OffsetEulerAngles":{"x":0.0,"y":0.0,"z":0.0},"OffsetLocalScale":{"x":0.3,"y":0.3,"z":0.3}},"CharacterModel_Enemy3(Clone)":{"OffsetPosition":{"x":0.0,"y":0.33,"z":0.05},"OffsetEulerAngles":{"x":0.0,"y":0.0,"z":0.0},"OffsetLocalScale":{"x":0.3,"y":0.3,"z":0.3}},"CharacterModel_FireSwordsman1(Clone)":{"OffsetPosition":{"x":0.0,"y":0.33,"z":0.05},"OffsetEulerAngles":{"x":0.0,"y":0.0,"z":0.0},"OffsetLocalScale":{"x":0.3,"y":0.3,"z":0.3}},"CharacterModel_Enemy5(Clone)":{"OffsetPosition":{"x":0.0,"y":0.33,"z":0.05},"OffsetEulerAngles":{"x":0.0,"y":0.0,"z":0.0},"OffsetLocalScale":{"x":0.3,"y":0.3,"z":0.3}},"CharacterModel_Enemy1_archer(Clone)":{"OffsetPosition":{"x":0.0,"y":0.53,"z":0.05},"OffsetEulerAngles":{"x":-35.0,"y":0.0,"z":0.0},"OffsetLocalScale":{"x":0.3,"y":0.3,"z":0.3}},"CharacterModel_Enemy2_archer(Clone)":{"OffsetPosition":{"x":0.0,"y":0.53,"z":0.05},"OffsetEulerAngles":{"x":-35.0,"y":0.0,"z":0.0},"OffsetLocalScale":{"x":0.3,"y":0.3,"z":0.3}},"CharacterModel_Enemy3_archer(Clone)":{"OffsetPosition":{"x":0.0,"y":0.53,"z":0.05},"OffsetEulerAngles":{"x":-35.0,"y":0.0,"z":0.0},"OffsetLocalScale":{"x":0.3,"y":0.3,"z":0.3}},"CharacterModel_FireArcher1(Clone)":{"OffsetPosition":{"x":0.0,"y":0.53,"z":0.05},"OffsetEulerAngles":{"x":-35.0,"y":0.0,"z":0.0},"OffsetLocalScale":{"x":0.3,"y":0.3,"z":0.3}},"CharacterModel_Hammer1(Clone)":{"OffsetPosition":{"x":0.0,"y":0.33,"z":0.07},"OffsetEulerAngles":{"x":0.0,"y":0.0,"z":0.0},"OffsetLocalScale":{"x":0.24,"y":0.26,"z":0.26}},"CharacterModel_Hammer2(Clone)":{"OffsetPosition":{"x":0.0,"y":0.33,"z":0.07},"OffsetEulerAngles":{"x":0.0,"y":0.0,"z":0.0},"OffsetLocalScale":{"x":0.24,"y":0.26,"z":0.26}},"CharacterModel_Hammer3(Clone)":{"OffsetPosition":{"x":0.0,"y":0.33,"z":0.12},"OffsetEulerAngles":{"x":0.0,"y":0.0,"z":0.0},"OffsetLocalScale":{"x":0.25,"y":0.27,"z":0.27}},"CharacterModel_Hammer4(Clone)":{"OffsetPosition":{"x":0.0,"y":0.33,"z":0.12},"OffsetEulerAngles":{"x":0.0,"y":0.0,"z":0.0},"OffsetLocalScale":{"x":0.25,"y":0.27,"z":0.27}},"CharacterModel_HammerJetpack(Clone)":{"OffsetPosition":{"x":0.0,"y":0.33,"z":0.12},"OffsetEulerAngles":{"x":0.0,"y":0.0,"z":0.0},"OffsetLocalScale":{"x":0.25,"y":0.27,"z":0.27}},"CharacterModel_JetpackSpear1(Clone)":{"OffsetPosition":{"x":0.0,"y":0.42,"z":0.26},"OffsetEulerAngles":{"x":0.0,"y":0.0,"z":0.0},"OffsetLocalScale":{"x":0.25,"y":0.27,"z":0.27}},"CharacterModel_JetpackSpear2(Clone)":{"OffsetPosition":{"x":0.0,"y":0.6,"z":0.26},"OffsetEulerAngles":{"x":0.0,"y":0.0,"z":0.0},"OffsetLocalScale":{"x":0.25,"y":0.27,"z":0.27}},"CharacterModel_Sprinter1(Clone)":{"OffsetPosition":{"x":0.0,"y":0.32,"z":0.21},"OffsetEulerAngles":{"x":0.0,"y":0.0,"z":0.0},"OffsetLocalScale":{"x":0.27,"y":0.27,"z":0.27}},"CharacterModel_Sprinter2(Clone)":{"OffsetPosition":{"x":0.0,"y":0.32,"z":0.21},"OffsetEulerAngles":{"x":0.0,"y":0.0,"z":0.0},"OffsetLocalScale":{"x":0.27,"y":0.27,"z":0.27}},"CharacterModel_SprinterBowman(Clone)":{"OffsetPosition":{"x":0.0,"y":0.53,"z":0.13},"OffsetEulerAngles":{"x":-35.0,"y":0.0,"z":0.0},"OffsetLocalScale":{"x":0.3,"y":0.3,"z":0.3}},"CharacterModel_KickBot(Clone)":{"OffsetPosition":{"x":0.0,"y":0.33,"z":0.12},"OffsetEulerAngles":{"x":0.0,"y":0.0,"z":0.0},"OffsetLocalScale":{"x":0.25,"y":0.27,"z":0.27}},"CharacterModel_KickBot2(Clone)":{"OffsetPosition":{"x":0.0,"y":0.39,"z":0.03},"OffsetEulerAngles":{"x":0.0,"y":0.0,"z":0.0},"OffsetLocalScale":{"x":0.32,"y":0.35,"z":0.35}},"CharacterModel_Spear1(Clone)":{"OffsetPosition":{"x":0.0,"y":0.3,"z":0.09},"OffsetEulerAngles":{"x":0.0,"y":0.0,"z":0.0},"OffsetLocalScale":{"x":0.32,"y":0.35,"z":0.35}},"CharacterModel_Spear2(Clone)":{"OffsetPosition":{"x":0.0,"y":0.3,"z":0.15},"OffsetEulerAngles":{"x":0.0,"y":0.0,"z":0.0},"OffsetLocalScale":{"x":0.32,"y":0.35,"z":0.35}},"CharacterModel_Business1_Player(Clone)":{"OffsetPosition":{"x":0.0,"y":0.44,"z":0.0},"OffsetEulerAngles":{"x":0.0,"y":0.0,"z":0.0},"OffsetLocalScale":{"x":0.245,"y":0.245,"z":0.245}},"CharacterModel_Emperor_Multiplayer(Clone)":{"OffsetPosition":{"x":0.0,"y":0.43,"z":-0.058},"OffsetEulerAngles":{"x":0.0,"y":0.0,"z":0.0},"OffsetLocalScale":{"x":0.3,"y":0.32,"z":0.4}},"CharacterModel_Zombie1_Player(Clone)":{"OffsetPosition":{"x":0.0,"y":0.0,"z":0.0},"OffsetEulerAngles":{"x":0.0,"y":0.0,"z":0.0},"OffsetLocalScale":{"x":1.0,"y":1.0,"z":1.0}}}