{"CharacterModel_Player(Clone)":{"OffsetPosition":{"x":0.0,"y":0.9,"z":0.0},"OffsetEulerAngles":{"x":0.0,"y":0.0,"z":0.0},"OffsetLocalScale":{"x":1.0,"y":1.0,"z":1.0}},"CharacterModel_Enemy1(Clone)":{"OffsetPosition":{"x":0.0,"y":0.95,"z":0.0},"OffsetEulerAngles":{"x":0.0,"y":0.0,"z":0.0},"OffsetLocalScale":{"x":1.0,"y":1.0,"z":1.0}},"CharacterModel_Enemy2(Clone)":{"OffsetPosition":{"x":0.0,"y":0.95,"z":0.0},"OffsetEulerAngles":{"x":0.0,"y":0.0,"z":0.0},"OffsetLocalScale":{"x":1.0,"y":1.0,"z":1.0}},"CharacterModel_Enemy3(Clone)":{"OffsetPosition":{"x":0.0,"y":1.06,"z":0.0},"OffsetEulerAngles":{"x":0.0,"y":0.0,"z":0.0},"OffsetLocalScale":{"x":1.0,"y":1.0,"z":1.0}},"CharacterModel_FireSwordsman1(Clone)":{"OffsetPosition":{"x":0.0,"y":1.1,"z":0.0},"OffsetEulerAngles":{"x":0.0,"y":0.0,"z":0.0},"OffsetLocalScale":{"x":1.0,"y":1.0,"z":1.0}},"CharacterModel_Enemy5(Clone)":{"OffsetPosition":{"x":0.0,"y":1.06,"z":0.0},"OffsetEulerAngles":{"x":0.0,"y":0.0,"z":0.0},"OffsetLocalScale":{"x":1.0,"y":1.0,"z":1.0}},"CharacterModel_Enemy1_archer(Clone)":{"OffsetPosition":{"x":0.0,"y":0.95,"z":0.0},"OffsetEulerAngles":{"x":0.0,"y":0.0,"z":0.0},"OffsetLocalScale":{"x":1.0,"y":1.0,"z":1.0}},"CharacterModel_Enemy2_archer(Clone)":{"OffsetPosition":{"x":0.0,"y":0.95,"z":0.0},"OffsetEulerAngles":{"x":0.0,"y":0.0,"z":0.0},"OffsetLocalScale":{"x":1.0,"y":1.0,"z":1.0}},"CharacterModel_Enemy3_archer(Clone)":{"OffsetPosition":{"x":0.0,"y":0.95,"z":0.0},"OffsetEulerAngles":{"x":0.0,"y":0.0,"z":0.0},"OffsetLocalScale":{"x":1.0,"y":1.0,"z":1.0}},"CharacterModel_FireArcher1(Clone)":{"OffsetPosition":{"x":0.0,"y":0.95,"z":0.0},"OffsetEulerAngles":{"x":0.0,"y":0.0,"z":0.0},"OffsetLocalScale":{"x":1.0,"y":1.0,"z":1.0}},"CharacterModel_Hammer1(Clone)":{"OffsetPosition":{"x":0.0,"y":0.95,"z":0.0},"OffsetEulerAngles":{"x":0.0,"y":0.0,"z":0.0},"OffsetLocalScale":{"x":1.0,"y":1.0,"z":1.0}},"CharacterModel_Hammer2(Clone)":{"OffsetPosition":{"x":0.0,"y":1.05,"z":0.0},"OffsetEulerAngles":{"x":0.0,"y":0.0,"z":0.0},"OffsetLocalScale":{"x":1.0,"y":1.0,"z":1.0}},"CharacterModel_Hammer3(Clone)":{"OffsetPosition":{"x":0.0,"y":1.05,"z":0.0},"OffsetEulerAngles":{"x":0.0,"y":0.0,"z":0.0},"OffsetLocalScale":{"x":1.0,"y":1.0,"z":1.0}},"CharacterModel_Hammer4(Clone)":{"OffsetPosition":{"x":0.0,"y":1.07,"z":0.0},"OffsetEulerAngles":{"x":0.0,"y":0.0,"z":0.0},"OffsetLocalScale":{"x":1.0,"y":1.0,"z":1.0}},"CharacterModel_HammerJetpack(Clone)":{"OffsetPosition":{"x":0.0,"y":1.05,"z":0.0},"OffsetEulerAngles":{"x":0.0,"y":0.0,"z":0.0},"OffsetLocalScale":{"x":1.0,"y":1.0,"z":1.0}},"CharacterModel_JetpackSpear1(Clone)":{"OffsetPosition":{"x":0.0,"y":1.07,"z":0.0},"OffsetEulerAngles":{"x":0.0,"y":0.0,"z":0.0},"OffsetLocalScale":{"x":1.0,"y":1.0,"z":1.0}},"CharacterModel_JetpackSpear2(Clone)":{"OffsetPosition":{"x":0.0,"y":1.3,"z":0.0},"OffsetEulerAngles":{"x":0.0,"y":0.0,"z":0.0},"OffsetLocalScale":{"x":1.0,"y":1.0,"z":1.0}},"CharacterModel_Sprinter1(Clone)":{"OffsetPosition":{"x":0.0,"y":1.0,"z":0.0},"OffsetEulerAngles":{"x":0.0,"y":0.0,"z":0.0},"OffsetLocalScale":{"x":1.0,"y":1.0,"z":1.0}},"CharacterModel_Sprinter2(Clone)":{"OffsetPosition":{"x":0.0,"y":1.02,"z":0.0},"OffsetEulerAngles":{"x":0.0,"y":0.0,"z":0.0},"OffsetLocalScale":{"x":1.0,"y":1.0,"z":1.0}},"CharacterModel_SprinterBowman(Clone)":{"OffsetPosition":{"x":0.0,"y":1.02,"z":0.0},"OffsetEulerAngles":{"x":0.0,"y":0.0,"z":0.0},"OffsetLocalScale":{"x":1.0,"y":1.0,"z":1.0}},"CharacterModel_KickBot(Clone)":{"OffsetPosition":{"x":0.0,"y":1.08,"z":0.0},"OffsetEulerAngles":{"x":0.0,"y":0.0,"z":0.0},"OffsetLocalScale":{"x":1.0,"y":1.0,"z":1.0}},"CharacterModel_KickBot2(Clone)":{"OffsetPosition":{"x":0.0,"y":1.28,"z":0.0},"OffsetEulerAngles":{"x":0.0,"y":0.0,"z":0.0},"OffsetLocalScale":{"x":1.0,"y":1.0,"z":1.0}},"CharacterModel_Spear1(Clone)":{"OffsetPosition":{"x":0.0,"y":1.0,"z":0.0},"OffsetEulerAngles":{"x":0.0,"y":0.0,"z":0.0},"OffsetLocalScale":{"x":1.0,"y":1.0,"z":1.0}},"CharacterModel_Spear2(Clone)":{"OffsetPosition":{"x":0.0,"y":1.12,"z":0.0},"OffsetEulerAngles":{"x":0.0,"y":0.0,"z":0.0},"OffsetLocalScale":{"x":1.0,"y":1.0,"z":1.0}},"CharacterModel_Business1_Player(Clone)":{"OffsetPosition":{"x":0.0,"y":0.92,"z":0.0},"OffsetEulerAngles":{"x":0.0,"y":0.0,"z":0.0},"OffsetLocalScale":{"x":1.0,"y":1.0,"z":1.0}},"CharacterModel_Emperor_Multiplayer(Clone)":{"OffsetPosition":{"x":0.0,"y":1.1,"z":0.0},"OffsetEulerAngles":{"x":0.0,"y":0.0,"z":0.0},"OffsetLocalScale":{"x":1.0,"y":1.0,"z":1.0}},"CharacterModel_Zombie1_Player(Clone)":{"OffsetPosition":{"x":0.0,"y":0.95,"z":0.0},"OffsetEulerAngles":{"x":0.0,"y":0.0,"z":0.0},"OffsetLocalScale":{"x":1.0,"y":1.0,"z":1.0}}}