{"CharacterModel_Player(Clone)":{"OffsetPosition":{"x":0.0,"y":0.49,"z":0.0},"OffsetEulerAngles":{"x":0.0,"y":0.0,"z":0.0},"OffsetLocalScale":{"x":0.75,"y":0.75,"z":0.75}},"CharacterModel_Enemy1(Clone)":{"OffsetPosition":{"x":0.0,"y":0.49,"z":0.0},"OffsetEulerAngles":{"x":0.0,"y":0.0,"z":0.0},"OffsetLocalScale":{"x":0.8,"y":0.8,"z":0.8}},"CharacterModel_Enemy2(Clone)":{"OffsetPosition":{"x":0.0,"y":0.49,"z":0.0},"OffsetEulerAngles":{"x":0.0,"y":0.0,"z":0.0},"OffsetLocalScale":{"x":0.8,"y":0.8,"z":0.8}},"CharacterModel_Enemy3(Clone)":{"OffsetPosition":{"x":0.0,"y":0.585,"z":0.0},"OffsetEulerAngles":{"x":0.0,"y":0.0,"z":0.0},"OffsetLocalScale":{"x":0.85,"y":1.1,"z":0.85}},"CharacterModel_FireSwordsman1(Clone)":{"OffsetPosition":{"x":0.0,"y":0.49,"z":0.05},"OffsetEulerAngles":{"x":0.0,"y":0.0,"z":0.0},"OffsetLocalScale":{"x":1.01,"y":1.0,"z":0.9}},"CharacterModel_Enemy5(Clone)":{"OffsetPosition":{"x":0.0,"y":0.49,"z":0.05},"OffsetEulerAngles":{"x":0.0,"y":0.0,"z":0.0},"OffsetLocalScale":{"x":1.01,"y":1.0,"z":0.9}},"CharacterModel_Enemy1_archer(Clone)":{"OffsetPosition":{"x":0.0,"y":0.45,"z":0.0},"OffsetEulerAngles":{"x":-5.0,"y":0.0,"z":0.0},"OffsetLocalScale":{"x":0.8,"y":0.8,"z":0.8}},"CharacterModel_Enemy2_archer(Clone)":{"OffsetPosition":{"x":0.0,"y":0.45,"z":0.0},"OffsetEulerAngles":{"x":0.0,"y":0.0,"z":0.0},"OffsetLocalScale":{"x":0.8,"y":0.8,"z":0.8}},"CharacterModel_Enemy3_archer(Clone)":{"OffsetPosition":{"x":0.0,"y":0.45,"z":0.0},"OffsetEulerAngles":{"x":0.0,"y":0.0,"z":0.0},"OffsetLocalScale":{"x":0.8,"y":0.8,"z":0.8}},"CharacterModel_FireArcher1(Clone)":{"OffsetPosition":{"x":0.0,"y":0.45,"z":0.0},"OffsetEulerAngles":{"x":0.0,"y":0.0,"z":0.0},"OffsetLocalScale":{"x":0.8,"y":0.8,"z":0.8}},"CharacterModel_Hammer1(Clone)":{"OffsetPosition":{"x":0.0,"y":0.45,"z":0.0},"OffsetEulerAngles":{"x":0.0,"y":0.0,"z":0.0},"OffsetLocalScale":{"x":0.8,"y":0.8,"z":0.8}},"CharacterModel_Hammer2(Clone)":{"OffsetPosition":{"x":0.0,"y":0.45,"z":0.0},"OffsetEulerAngles":{"x":0.0,"y":0.0,"z":0.0},"OffsetLocalScale":{"x":0.8,"y":0.8,"z":0.8}},"CharacterModel_Hammer3(Clone)":{"OffsetPosition":{"x":0.0,"y":0.45,"z":0.0},"OffsetEulerAngles":{"x":0.0,"y":0.0,"z":0.0},"OffsetLocalScale":{"x":0.0,"y":0.0,"z":0.0}},"CharacterModel_Hammer4(Clone)":{"OffsetPosition":{"x":0.0,"y":0.45,"z":0.0},"OffsetEulerAngles":{"x":0.0,"y":0.0,"z":0.0},"OffsetLocalScale":{"x":0.0,"y":0.0,"z":0.0}},"CharacterModel_HammerJetpack(Clone)":{"OffsetPosition":{"x":0.0,"y":0.45,"z":0.0},"OffsetEulerAngles":{"x":0.0,"y":0.0,"z":0.0},"OffsetLocalScale":{"x":0.0,"y":0.0,"z":0.0}},"CharacterModel_JetpackSpear1(Clone)":{"OffsetPosition":{"x":0.0,"y":0.5,"z":0.0},"OffsetEulerAngles":{"x":0.0,"y":0.0,"z":0.0},"OffsetLocalScale":{"x":0.0,"y":0.0,"z":0.0}},"CharacterModel_JetpackSpear2(Clone)":{"OffsetPosition":{"x":0.0,"y":0.45,"z":0.0},"OffsetEulerAngles":{"x":0.0,"y":0.0,"z":0.0},"OffsetLocalScale":{"x":0.0,"y":0.0,"z":0.0}},"CharacterModel_Sprinter1(Clone)":{"OffsetPosition":{"x":0.0,"y":0.45,"z":0.02},"OffsetEulerAngles":{"x":-5.0,"y":0.0,"z":0.0},"OffsetLocalScale":{"x":0.0,"y":0.0,"z":0.0}},"CharacterModel_Sprinter2(Clone)":{"OffsetPosition":{"x":0.0,"y":0.45,"z":0.02},"OffsetEulerAngles":{"x":-5.0,"y":0.0,"z":0.0},"OffsetLocalScale":{"x":0.0,"y":0.0,"z":0.0}},"CharacterModel_SprinterBowman(Clone)":{"OffsetPosition":{"x":0.0,"y":0.45,"z":0.02},"OffsetEulerAngles":{"x":-5.0,"y":0.0,"z":0.0},"OffsetLocalScale":{"x":0.0,"y":0.0,"z":0.0}},"CharacterModel_KickBot(Clone)":{"OffsetPosition":{"x":0.0,"y":0.5,"z":0.02},"OffsetEulerAngles":{"x":-5.0,"y":0.0,"z":0.0},"OffsetLocalScale":{"x":0.0,"y":0.0,"z":0.0}},"CharacterModel_KickBot2(Clone)":{"OffsetPosition":{"x":0.0,"y":0.65,"z":-0.05},"OffsetEulerAngles":{"x":0.0,"y":0.0,"z":0.0},"OffsetLocalScale":{"x":1.02,"y":1.02,"z":1.02}},"CharacterModel_Spear1(Clone)":{"OffsetPosition":{"x":0.0,"y":0.45,"z":0.0},"OffsetEulerAngles":{"x":-5.0,"y":0.0,"z":0.0},"OffsetLocalScale":{"x":0.0,"y":0.0,"z":0.0}},"CharacterModel_Spear2(Clone)":{"OffsetPosition":{"x":0.0,"y":0.45,"z":0.0},"OffsetEulerAngles":{"x":-5.0,"y":0.0,"z":0.0},"OffsetLocalScale":{"x":0.0,"y":0.0,"z":0.0}},"CharacterModel_Business1_Player(Clone)":{"OffsetPosition":{"x":0.0,"y":0.51,"z":0.0},"OffsetEulerAngles":{"x":-5.0,"y":0.0,"z":0.0},"OffsetLocalScale":{"x":0.7,"y":0.7,"z":0.7}},"CharacterModel_Emperor_Multiplayer(Clone)":{"OffsetPosition":{"x":0.0,"y":0.7,"z":0.05},"OffsetEulerAngles":{"x":-5.0,"y":0.0,"z":0.0},"OffsetLocalScale":{"x":0.8,"y":0.8,"z":0.8}},"CharacterModel_Zombie1_Player(Clone)":{"OffsetPosition":{"x":0.0,"y":0.45,"z":0.0},"OffsetEulerAngles":{"x":-5.0,"y":5.0,"z":-5.0},"OffsetLocalScale":{"x":0.85,"y":0.85,"z":0.85}}}