{"CharacterModel_Player(Clone)":{"OffsetPosition":{"x":0.0,"y":0.46,"z":0.0},"OffsetEulerAngles":{"x":-5.0,"y":0.0,"z":0.0},"OffsetLocalScale":{"x":0.65,"y":0.65,"z":0.65}},"CharacterModel_Enemy1(Clone)":{"OffsetPosition":{"x":0.13,"y":0.46,"z":0.0},"OffsetEulerAngles":{"x":-5.0,"y":0.0,"z":0.0},"OffsetLocalScale":{"x":0.65,"y":0.65,"z":0.65}},"CharacterModel_Enemy2(Clone)":{"OffsetPosition":{"x":0.13,"y":0.46,"z":0.0},"OffsetEulerAngles":{"x":-5.0,"y":0.0,"z":0.0},"OffsetLocalScale":{"x":0.65,"y":0.65,"z":0.65}},"CharacterModel_Enemy3(Clone)":{"OffsetPosition":{"x":0.13,"y":0.46,"z":0.0},"OffsetEulerAngles":{"x":-5.0,"y":0.0,"z":0.0},"OffsetLocalScale":{"x":0.65,"y":0.65,"z":0.65}},"CharacterModel_FireSwordsman1(Clone)":{"OffsetPosition":{"x":0.13,"y":0.46,"z":0.0},"OffsetEulerAngles":{"x":-5.0,"y":0.0,"z":0.0},"OffsetLocalScale":{"x":0.69,"y":0.69,"z":0.69}},"CharacterModel_Enemy5(Clone)":{"OffsetPosition":{"x":0.13,"y":0.46,"z":0.0},"OffsetEulerAngles":{"x":-5.0,"y":0.0,"z":0.0},"OffsetLocalScale":{"x":0.65,"y":0.65,"z":0.65}},"CharacterModel_Enemy1_archer(Clone)":{"OffsetPosition":{"x":0.13,"y":0.46,"z":0.0},"OffsetEulerAngles":{"x":-5.0,"y":0.0,"z":0.0},"OffsetLocalScale":{"x":0.65,"y":0.65,"z":0.65}},"CharacterModel_Enemy2_archer(Clone)":{"OffsetPosition":{"x":0.13,"y":0.46,"z":0.0},"OffsetEulerAngles":{"x":-5.0,"y":0.0,"z":0.0},"OffsetLocalScale":{"x":0.65,"y":0.65,"z":0.65}},"CharacterModel_Enemy3_archer(Clone)":{"OffsetPosition":{"x":0.13,"y":0.46,"z":0.0},"OffsetEulerAngles":{"x":-5.0,"y":0.0,"z":0.0},"OffsetLocalScale":{"x":0.65,"y":0.65,"z":0.65}},"CharacterModel_FireArcher1(Clone)":{"OffsetPosition":{"x":0.13,"y":0.46,"z":0.0},"OffsetEulerAngles":{"x":-5.0,"y":0.0,"z":0.0},"OffsetLocalScale":{"x":0.65,"y":0.65,"z":0.65}},"CharacterModel_Hammer1(Clone)":{"OffsetPosition":{"x":0.13,"y":0.46,"z":0.0},"OffsetEulerAngles":{"x":-5.0,"y":0.0,"z":0.0},"OffsetLocalScale":{"x":0.65,"y":0.65,"z":0.65}},"CharacterModel_Hammer2(Clone)":{"OffsetPosition":{"x":0.13,"y":0.46,"z":0.0},"OffsetEulerAngles":{"x":-5.0,"y":0.0,"z":0.0},"OffsetLocalScale":{"x":0.65,"y":0.65,"z":0.65}},"CharacterModel_Hammer3(Clone)":{"OffsetPosition":{"x":0.13,"y":0.46,"z":0.04},"OffsetEulerAngles":{"x":-5.0,"y":0.0,"z":0.0},"OffsetLocalScale":{"x":0.65,"y":0.65,"z":0.65}},"CharacterModel_Hammer4(Clone)":{"OffsetPosition":{"x":0.16,"y":0.46,"z":0.05},"OffsetEulerAngles":{"x":-5.0,"y":0.0,"z":0.0},"OffsetLocalScale":{"x":0.8,"y":0.8,"z":0.8}},"CharacterModel_HammerJetpack(Clone)":{"OffsetPosition":{"x":0.16,"y":0.47,"z":0.05},"OffsetEulerAngles":{"x":-5.0,"y":0.0,"z":0.0},"OffsetLocalScale":{"x":0.8,"y":0.8,"z":0.8}},"CharacterModel_JetpackSpear1(Clone)":{"OffsetPosition":{"x":0.16,"y":0.46,"z":0.05},"OffsetEulerAngles":{"x":-5.0,"y":0.0,"z":0.0},"OffsetLocalScale":{"x":0.8,"y":0.8,"z":0.8}},"CharacterModel_JetpackSpear2(Clone)":{"OffsetPosition":{"x":0.16,"y":0.69,"z":0.05},"OffsetEulerAngles":{"x":-5.0,"y":0.0,"z":0.0},"OffsetLocalScale":{"x":0.8,"y":0.8,"z":0.8}},"CharacterModel_Sprinter1(Clone)":{"OffsetPosition":{"x":0.13,"y":0.46,"z":0.0},"OffsetEulerAngles":{"x":-5.0,"y":0.0,"z":0.0},"OffsetLocalScale":{"x":0.65,"y":0.65,"z":0.65}},"CharacterModel_Sprinter2(Clone)":{"OffsetPosition":{"x":0.13,"y":0.46,"z":0.0},"OffsetEulerAngles":{"x":-5.0,"y":0.0,"z":0.0},"OffsetLocalScale":{"x":0.65,"y":0.65,"z":0.65}},"CharacterModel_SprinterBowman(Clone)":{"OffsetPosition":{"x":0.13,"y":0.46,"z":0.0},"OffsetEulerAngles":{"x":-5.0,"y":0.0,"z":0.0},"OffsetLocalScale":{"x":0.65,"y":0.65,"z":0.65}},"CharacterModel_KickBot(Clone)":{"OffsetPosition":{"x":0.13,"y":0.46,"z":0.0},"OffsetEulerAngles":{"x":-5.0,"y":0.0,"z":0.0},"OffsetLocalScale":{"x":0.69,"y":0.69,"z":0.69}},"CharacterModel_KickBot2(Clone)":{"OffsetPosition":{"x":0.13,"y":0.65,"z":0.0},"OffsetEulerAngles":{"x":-5.0,"y":0.0,"z":0.0},"OffsetLocalScale":{"x":0.65,"y":0.65,"z":0.65}},"CharacterModel_Spear1(Clone)":{"OffsetPosition":{"x":0.13,"y":0.47,"z":0.0},"OffsetEulerAngles":{"x":-5.0,"y":0.0,"z":0.0},"OffsetLocalScale":{"x":0.65,"y":0.65,"z":0.65}},"CharacterModel_Spear2(Clone)":{"OffsetPosition":{"x":0.16,"y":0.47,"z":0.0},"OffsetEulerAngles":{"x":-5.0,"y":0.0,"z":0.0},"OffsetLocalScale":{"x":0.75,"y":0.75,"z":0.75}},"CharacterModel_Business1_Player(Clone)":{"OffsetPosition":{"x":0.13,"y":0.49,"z":0.0},"OffsetEulerAngles":{"x":-5.0,"y":0.0,"z":0.0},"OffsetLocalScale":{"x":0.65,"y":0.65,"z":0.65}},"CharacterModel_Emperor_Multiplayer(Clone)":{"OffsetPosition":{"x":0.14,"y":0.6,"z":0.0},"OffsetEulerAngles":{"x":-5.0,"y":0.0,"z":0.0},"OffsetLocalScale":{"x":0.68,"y":0.68,"z":0.68}},"CharacterModel_Zombie1_Player(Clone)":{"OffsetPosition":{"x":0.13,"y":0.46,"z":0.0},"OffsetEulerAngles":{"x":-5.0,"y":0.0,"z":0.0},"OffsetLocalScale":{"x":0.65,"y":0.65,"z":0.65}}}