{"$type":"CDOverhaul.Localization.OverhaulLocalizationData, OverhaulMod","Translations":{"$type":"System.Collections.Generic.Dictionary`2[[System.String, mscorlib],[System.Collections.Generic.Dictionary`2[[System.String, mscorlib],[System.String, mscorlib]], mscorlib]], mscorlib","en":{"$type":"System.Collections.Generic.Dictionary`2[[System.String, mscorlib],[System.String, mscorlib]], mscorlib","LocEditor":"Localization Editor","13131344fggg":"","41414":"","1313":""},"fr":{"$type":"System.Collections.Generic.Dictionary`2[[System.String, mscorlib],[System.String, mscorlib]], mscorlib","LocEditor":"1344","13131344fggg":"","41414":"","1313":""},"it":{"$type":"System.Collections.Generic.Dictionary`2[[System.String, mscorlib],[System.String, mscorlib]], mscorlib","LocEditor":"","13131344fggg":"1133","41414":"","1313":""},"de":{"$type":"System.Collections.Generic.Dictionary`2[[System.String, mscorlib],[System.String, mscorlib]], mscorlib","LocEditor":"","13131344fggg":"","41414":"","1313":""},"es-ES":{"$type":"System.Collections.Generic.Dictionary`2[[System.String, mscorlib],[System.String, mscorlib]], mscorlib","LocEditor":"","13131344fggg":"","41414":"","1313":""},"es-419":{"$type":"System.Collections.Generic.Dictionary`2[[System.String, mscorlib],[System.String, mscorlib]], mscorlib","LocEditor":"","13131344fggg":"","41414":"","1313":""},"zh-CN":{"$type":"System.Collections.Generic.Dictionary`2[[System.String, mscorlib],[System.String, mscorlib]], mscorlib","LocEditor":"","13131344fggg":"","41414":"","1313":""},"ru":{"$type":"System.Collections.Generic.Dictionary`2[[System.String, mscorlib],[System.String, mscorlib]], mscorlib","LocEditor":"Редактор локализации","13131344fggg":"","41414":"","1313":""},"pt-BR":{"$type":"System.Collections.Generic.Dictionary`2[[System.String, mscorlib],[System.String, mscorlib]], mscorlib","LocEditor":"","13131344fggg":"","41414":"","1313":""},"ja":{"$type":"System.Collections.Generic.Dictionary`2[[System.String, mscorlib],[System.String, mscorlib]], mscorlib","LocEditor":"","13131344fggg":"","41414":"","1313":""},"ko":{"$type":"System.Collections.Generic.Dictionary`2[[System.String, mscorlib],[System.String, mscorlib]], mscorlib","LocEditor":"","13131344fggg":"","41414":"","1313":""},"zh-TW":{"$type":"System.Collections.Generic.Dictionary`2[[System.String, mscorlib],[System.String, mscorlib]], mscorlib","LocEditor":"","13131344fggg":"","41414":"","1313":""}},"SavedInVersion":{"$type":"System.Version, mscorlib","Major":0,"Minor":3,"Build":0,"Revision":121,"MajorRevision":0,"MinorRevision":121}}